,PC OD,PJ OD,BV OD,BF OD,BO OD,BT OD,BC OD,BY OD,BU OD,DP OD,BL OD,BA OD,BP OD,CA OD,EL OD,FP OD,CH OD,AC OD,BH OD,CG OD,ER OD,RI OD,CC OD,DL OD,DF OD,PC,PJ,BV,BF,BO,BT,BC,BY,BU,DP,BL,BA,BP,CA,EL,FP,CH,AC,BH,CG,ER,RI,CC,DL,DF,Butyrate
0,0,0,0,0,0,0,0,0,0,0,0,0.35871,0,0,0,0,0,1.0054,0,0,0,0,0,0,0,0,0,0,0,0,0,0,0,0,0,0,1,0,0,0,0,0,1,0,0,0,0,0,0,0,32.40329692483821
1,0,0,0,0,0,0,0,0,0,0,0,0.35991999999999996,0,0,0,0,0,1.0716,0,0,0,0,0,0,0,0,0,0,0,0,0,0,0,0,0,0,1,0,0,0,0,0,1,0,0,0,0,0,0,0,32.40329692483821
2,0,0,0,0,0,0,0,0,0,0,0,0.50145,0,0,0,0,0,0.8262700000000001,0,0,0,0,0,0,0,0,0,0,0,0,0,0,0,0,0,0,1,0,0,0,0,0,1,0,0,0,0,0,0,0,32.40329692483821
3,0,0,0,0,0,0,0,0,0,0,0,0.34191,0,0,0,0,0,1.0255,0,0,0,0,0,0,0,0,0,0,0,0,0,0,0,0,0,0,1,0,0,0,0,0,1,0,0,0,0,0,0,0,32.40329692483821
4,0,0,0,0,0,0,0,0,0,0,0,0.39052,0,0,0,0,0,1.1022,0,0,0,0,0,0,0,0,0,0,0,0,0,0,0,0,0,0,1,0,0,0,0,0,1,0,0,0,0,0,0,0,32.40329692483821
5,0,0,0,0,0,0,0,0,0,0,0,0.314,0,0,0,0,0,1.0226,0,0,0,0,0,0,0,0,0,0,0,0,0,0,0,0,0,0,1,0,0,0,0,0,1,0,0,0,0,0,0,0,32.40329692483821
6,0,0,0,0,0,0,0,0,0,0,0,0.35285,0,0,0,0,0,0.90695,0,0,0,0,0,0,0,0,0,0,0,0,0,0,0,0,0,0,1,0,0,0,0,0,1,0,0,0,0,0,0,0,32.40329692483821
7,0,0,0,0,0,0,0,0,0,0,0,0.32747,0,0,0,0,0,1.2262,0,0,0,0,0,0,0,0,0,0,0,0,0,0,0,0,0,0,1,0,0,0,0,0,1,0,0,0,0,0,0,0,32.40329692483821
8,0,0,0,0,0,0,0,0,0,0,0,0.5744100000000001,0,0,0,0,0,0.85895,0,0,0,0,0,0,0,0,0,0,0,0,0,0,0,0,0,0,1,0,0,0,0,0,1,0,0,0,0,0,0,0,32.40329692483821
9,0,0,0,0,0,0,0,0,0,0,0,0.44271000000000005,0,0,0,0,0,1.0034,0,0,0,0,0,0,0,0,0,0,0,0,0,0,0,0,0,0,1,0,0,0,0,0,1,0,0,0,0,0,0,0,32.40329692483821
10,0,0,0,0,0,0,0,0,0,0,0,0.44833,0,0,0,0,0,0.8528399999999999,0,0,0,0,0,0,0,0,0,0,0,0,0,0,0,0,0,0,1,0,0,0,0,0,1,0,0,0,0,0,0,0,32.40329692483821
11,0,0,0,0,0,0,0,0,0,0,0,0.33553,0,0,0,0,0,1.1796,0,0,0,0,0,0,0,0,0,0,0,0,0,0,0,0,0,0,1,0,0,0,0,0,1,0,0,0,0,0,0,0,32.40329692483821
12,0,0,0,0,0,0,0,0,0,0,0,0.43531000000000003,0,0,0,0,0,1.0975,0,0,0,0,0,0,0,0,0,0,0,0,0,0,0,0,0,0,1,0,0,0,0,0,1,0,0,0,0,0,0,0,32.40329692483821
13,0,0,0,0,0,0,0,0,0,0,0,0.12272999999999999,0,0,0,0,0,1.0232,0,0,0,0,0,0,0,0,0,0,0,0,0,0,0,0,0,0,1,0,0,0,0,0,1,0,0,0,0,0,0,0,32.40329692483821
14,0,0,0,0,0,0,0,0,0,0,0,0.25104,0,0,0,0,0,0.8597600000000001,0,0,0,0,0,0,0,0,0,0,0,0,0,0,0,0,0,0,1,0,0,0,0,0,1,0,0,0,0,0,0,0,32.40329692483821
15,0,0,0,0,0,0,0,0,0,0,0,0.12885,0,0,0,0,0,1.054,0,0,0,0,0,0,0,0,0,0,0,0,0,0,0,0,0,0,1,0,0,0,0,0,1,0,0,0,0,0,0,0,32.40329692483821
16,0,0,0,0,0,0,0,0,0,0,0,0.35058,0,0,0,0,0,0.8421299999999999,0,0,0,0,0,0,0,0,0,0,0,0,0,0,0,0,0,0,1,0,0,0,0,0,1,0,0,0,0,0,0,0,32.40329692483821
17,0,0,0,0,0,0,0,0,0,0,0,0.36098,0,0,0,0,0,1.0132,0,0,0,0,0,0,0,0,0,0,0,0,0,0,0,0,0,0,1,0,0,0,0,0,1,0,0,0,0,0,0,0,32.40329692483821
18,0,0,0,0,0,0,0,0,0,0,0,0.5899,0,0,0,0,0,0.86339,0,0,0,0,0,0,0,0,0,0,0,0,0,0,0,0,0,0,1,0,0,0,0,0,1,0,0,0,0,0,0,0,32.40329692483821
19,0,0,0,0,0,0,0,0,0,0,0,0.22325,0,0,0,0,0,1.3059,0,0,0,0,0,0,0,0,0,0,0,0,0,0,0,0,0,0,1,0,0,0,0,0,1,0,0,0,0,0,0,0,32.40329692483821
20,0,0,0,0,0,0,0,0,0,0,0,0.19075999999999999,0,0,0,0,0,1.1412,0,0,0,0,0,0,0,0,0,0,0,0,0,0,0,0,0,0,1,0,0,0,0,0,1,0,0,0,0,0,0,0,32.40329692483821
21,0,0,0,0,0,0,0,0,0,0,0,0.34113000000000004,0,0,0,0,0,0.90484,0,0,0,0,0,0,0,0,0,0,0,0,0,0,0,0,0,0,1,0,0,0,0,0,1,0,0,0,0,0,0,0,32.40329692483821
22,0,0,0,0,0,0,0,0,0,0,0,0.42915,0,0,0,0,0,0.80582,0,0,0,0,0,0,0,0,0,0,0,0,0,0,0,0,0,0,1,0,0,0,0,0,1,0,0,0,0,0,0,0,32.40329692483821
23,0,0,0,0,0,0,0,0,0,0,0,0.49759,0,0,0,0,0,0.9570299999999999,0,0,0,0,0,0,0,0,0,0,0,0,0,0,0,0,0,0,1,0,0,0,0,0,1,0,0,0,0,0,0,0,32.40329692483821
24,0,0,0,0,0,0,0,0,0,0,0,0.36707,0,0,0,0,0,1.1042,0,0,0,0,0,0,0,0,0,0,0,0,0,0,0,0,0,0,1,0,0,0,0,0,1,0,0,0,0,0,0,0,32.40329692483821
25,0,0,0,0,0,0,0,0,0,0,0,0.32653000000000004,0,0,0,0,0,0.9670799999999999,0,0,0,0,0,0,0,0,0,0,0,0,0,0,0,0,0,0,1,0,0,0,0,0,1,0,0,0,0,0,0,0,32.40329692483821
26,0,0,0,0,0,0,0,0,0,0,0,0.21577,0,0,0,0,0,0.8950299999999999,0,0,0,0,0,0,0,0,0,0,0,0,0,0,0,0,0,0,1,0,0,0,0,0,1,0,0,0,0,0,0,0,32.40329692483821
27,0,0,0,0,0,0,0,0,0,0,0,0.21445999999999998,0,0,0,0,0,1.219,0,0,0,0,0,0,0,0,0,0,0,0,0,0,0,0,0,0,1,0,0,0,0,0,1,0,0,0,0,0,0,0,32.40329692483821
28,0,0,0,0,0,0,0,0,0,0,0,0.25222,0,0,0,0,0,0.92663,0,0,0,0,0,0,0,0,0,0,0,0,0,0,0,0,0,0,1,0,0,0,0,0,1,0,0,0,0,0,0,0,32.40329692483821
29,0,0,0,0,0,0,0,0,0,0,0,0.23071,0,0,0,0,0,1.1811,0,0,0,0,0,0,0,0,0,0,0,0,0,0,0,0,0,0,1,0,0,0,0,0,1,0,0,0,0,0,0,0,32.40329692483821
30,0,0,0,0,0,0,0,0,0,0,0,0.26771,0,0,0,0,0,1.0206,0,0,0,0,0,0,0,0,0,0,0,0,0,0,0,0,0,0,1,0,0,0,0,0,1,0,0,0,0,0,0,0,32.40329692483821
31,0,0,0,0,0,0,0,0,0,0,0,0.30658,0,0,0,0,0,1.0112,0,0,0,0,0,0,0,0,0,0,0,0,0,0,0,0,0,0,1,0,0,0,0,0,1,0,0,0,0,0,0,0,32.40329692483821
32,0,0,0,0,0,0,0,0,0,0,0,0.25626,0,0,0,0,0,1.4825,0,0,0,0,0,0,0,0,0,0,0,0,0,0,0,0,0,0,1,0,0,0,0,0,1,0,0,0,0,0,0,0,32.40329692483821
33,0,0,0,0,0,0,0,0,0,0,0,0.27934000000000003,0,0,0,0,0,1.1608,0,0,0,0,0,0,0,0,0,0,0,0,0,0,0,0,0,0,1,0,0,0,0,0,1,0,0,0,0,0,0,0,32.40329692483821
34,0,0,0,0,0,0,0,0,0,0,0,0.49793999999999994,0,0,0,0,0,0.92799,0,0,0,0,0,0,0,0,0,0,0,0,0,0,0,0,0,0,1,0,0,0,0,0,1,0,0,0,0,0,0,0,32.40329692483821
35,0,0,0,0,0,0,0,0,0,0,0,0.30925,0,0,0,0,0,1.0915,0,0,0,0,0,0,0,0,0,0,0,0,0,0,0,0,0,0,1,0,0,0,0,0,1,0,0,0,0,0,0,0,32.40329692483821
36,0,0,0,0,0,0,0,0,0,0,0,0.14017000000000002,0,0,0,0,0,0.97385,0,0,0,0,0,0,0,0,0,0,0,0,0,0,0,0,0,0,1,0,0,0,0,0,1,0,0,0,0,0,0,0,32.40329692483821
37,0,0,0,0,0,0,0,0,0,0,0,0.23095,0,0,0,0,0,1.1789,0,0,0,0,0,0,0,0,0,0,0,0,0,0,0,0,0,0,1,0,0,0,0,0,1,0,0,0,0,0,0,0,32.40329692483821
38,0,0,0,0,0,0,0,0,0,0,0,0.42208,0,0,0,0,0,1.0406,0,0,0,0,0,0,0,0,0,0,0,0,0,0,0,0,0,0,1,0,0,0,0,0,1,0,0,0,0,0,0,0,32.40329692483821
39,0,0,0,0,0,0,0,0,0,0,0,0.022973,0,0,0,0,0,1.1837,0,0,0,0,0,0,0,0,0,0,0,0,0,0,0,0,0,0,1,0,0,0,0,0,1,0,0,0,0,0,0,0,32.40329692483821
40,0,0,0,0,0,0,0,0,0,0,0,0.24181999999999998,0,0,0,0,0,1.4176,0,0,0,0,0,0,0,0,0,0,0,0,0,0,0,0,0,0,1,0,0,0,0,0,1,0,0,0,0,0,0,0,32.40329692483821
41,0,0,0,0,0,0,0,0,0,0,0,0.38347,0,0,0,0,0,1.0174,0,0,0,0,0,0,0,0,0,0,0,0,0,0,0,0,0,0,1,0,0,0,0,0,1,0,0,0,0,0,0,0,32.40329692483821
42,0,0,0,0,0,0,0,0,0,0,0,0.36117,0,0,0,0,0,0.8852399999999999,0,0,0,0,0,0,0,0,0,0,0,0,0,0,0,0,0,0,1,0,0,0,0,0,1,0,0,0,0,0,0,0,32.40329692483821
43,0,0,0,0,0,0,0,0,0,0,0,0.23844,0,0,0,0,0,0.96524,0,0,0,0,0,0,0,0,0,0,0,0,0,0,0,0,0,0,1,0,0,0,0,0,1,0,0,0,0,0,0,0,32.40329692483821
44,0,0,0,0,0,0,0,0,0,0,0,0.5195,0,0,0,0,0,0.66252,0,0,0,0,0,0,0,0,0,0,0,0,0,0,0,0,0,0,1,0,0,0,0,0,1,0,0,0,0,0,0,0,32.40329692483821
45,0,0,0,0,0,0,0,0,0,0,0,0.4222,0,0,0,0,0,0.88841,0,0,0,0,0,0,0,0,0,0,0,0,0,0,0,0,0,0,1,0,0,0,0,0,1,0,0,0,0,0,0,0,32.40329692483821
46,0,0,0,0,0,0,0,0,0,0,0,0.2696,0,0,0,0,0,0.96098,0,0,0,0,0,0,0,0,0,0,0,0,0,0,0,0,0,0,1,0,0,0,0,0,1,0,0,0,0,0,0,0,32.40329692483821
47,0,0,0,0,0,0,0,0,0,0,0,0.5093,0,0,0,0,0,1.0052,0,0,0,0,0,0,0,0,0,0,0,0,0,0,0,0,0,0,1,0,0,0,0,0,1,0,0,0,0,0,0,0,32.40329692483821
48,0,0,0,0,0,0,0,0,0,0,0,0.33979000000000004,0,0,0,0,0,1.0305,0,0,0,0,0,0,0,0,0,0,0,0,0,0,0,0,0,0,1,0,0,0,0,0,1,0,0,0,0,0,0,0,32.40329692483821
49,0,0,0,0,0,0,0,0,0,0,0,0.35266,0,0,0,0,0,1.1048,0,0,0,0,0,0,0,0,0,0,0,0,0,0,0,0,0,0,1,0,0,0,0,0,1,0,0,0,0,0,0,0,32.40329692483821
50,0,0,0,0,0,0,0,0,0,0,0,0.15816,0,0,0,0,0,1.2037,0,0,0,0,0,0,0,0,0,0,0,0,0,0,0,0,0,0,1,0,0,0,0,0,1,0,0,0,0,0,0,0,32.40329692483821
51,0,0,0,0,0,0,0,0,0,0,0,0.075515,0,0,0,0,0,0.92919,0,0,0,0,0,0,0,0,0,0,0,0,0,0,0,0,0,0,1,0,0,0,0,0,1,0,0,0,0,0,0,0,32.40329692483821
52,0,0,0,0,0,0,0,0,0,0,0,0.6833899999999999,0,0,0,0,0,1.2285,0,0,0,0,0,0,0,0,0,0,0,0,0,0,0,0,0,0,1,0,0,0,0,0,1,0,0,0,0,0,0,0,32.40329692483821
53,0,0,0,0,0,0,0,0,0,0,0,0.30007,0,0,0,0,0,1.0439,0,0,0,0,0,0,0,0,0,0,0,0,0,0,0,0,0,0,1,0,0,0,0,0,1,0,0,0,0,0,0,0,32.40329692483821
54,0,0,0,0,0,0,0,0,0,0,0,0.38384,0,0,0,0,0,0.9292100000000001,0,0,0,0,0,0,0,0,0,0,0,0,0,0,0,0,0,0,1,0,0,0,0,0,1,0,0,0,0,0,0,0,32.40329692483821
55,0,0,0,0,0,0,0,0,0,0,0,0.36571,0,0,0,0,0,0.9268700000000001,0,0,0,0,0,0,0,0,0,0,0,0,0,0,0,0,0,0,1,0,0,0,0,0,1,0,0,0,0,0,0,0,32.40329692483821
56,0,0,0,0,0,0,0,0,0,0,0,0.48202,0,0,0,0,0,0.92624,0,0,0,0,0,0,0,0,0,0,0,0,0,0,0,0,0,0,1,0,0,0,0,0,1,0,0,0,0,0,0,0,32.40329692483821
57,0,0,0,0,0,0,0,0,0,0,0,0.3216,0,0,0,0,0,1.1012,0,0,0,0,0,0,0,0,0,0,0,0,0,0,0,0,0,0,1,0,0,0,0,0,1,0,0,0,0,0,0,0,32.40329692483821
58,0,0,0,0,0,0,0,0,0,0,0,0.2931,0,0,0,0,0,1.0912,0,0,0,0,0,0,0,0,0,0,0,0,0,0,0,0,0,0,1,0,0,0,0,0,1,0,0,0,0,0,0,0,32.40329692483821
59,0,0,0,0,0,0,0,0,0,0,0,0.32576,0,0,0,0,0,1.0393,0,0,0,0,0,0,0,0,0,0,0,0,0,0,0,0,0,0,1,0,0,0,0,0,1,0,0,0,0,0,0,0,32.40329692483821
60,0,0,0,0,0,0,0,0,0,0,0,0.40913,0,0,0,0,0,0.9078,0,0,0,0,0,0,0,0,0,0,0,0,0,0,0,0,0,0,1,0,0,0,0,0,1,0,0,0,0,0,0,0,32.40329692483821
61,0,0,0,0,0,0,0,0,0,0,0,0.19072,0,0,0,0,0,1.1498,0,0,0,0,0,0,0,0,0,0,0,0,0,0,0,0,0,0,1,0,0,0,0,0,1,0,0,0,0,0,0,0,32.40329692483821
62,0,0,0,0,0,0,0,0,0,0,0,0.23617,0,0,0,0,0,1.1215,0,0,0,0,0,0,0,0,0,0,0,0,0,0,0,0,0,0,1,0,0,0,0,0,1,0,0,0,0,0,0,0,32.40329692483821
63,0,0,0,0,0,0,0,0,0,0,0,0.090807,0,0,0,0,0,0.80104,0,0,0,0,0,0,0,0,0,0,0,0,0,0,0,0,0,0,1,0,0,0,0,0,1,0,0,0,0,0,0,0,32.40329692483821
64,0,0,0,0,0,0,0,0,0,0,0,0.3135,0,0,0,0,0,0.88946,0,0,0,0,0,0,0,0,0,0,0,0,0,0,0,0,0,0,1,0,0,0,0,0,1,0,0,0,0,0,0,0,32.40329692483821
65,0,0,0,0,0,0,0,0,0,0,0,0.034423,0,0,0,0,0,1.0812,0,0,0,0,0,0,0,0,0,0,0,0,0,0,0,0,0,0,1,0,0,0,0,0,1,0,0,0,0,0,0,0,32.40329692483821
66,0,0,0,0,0,0,0,0,0,0,0,0.24675999999999998,0,0,0,0,0,1.1585,0,0,0,0,0,0,0,0,0,0,0,0,0,0,0,0,0,0,1,0,0,0,0,0,1,0,0,0,0,0,0,0,32.40329692483821
67,0,0,0,0,0,0,0,0,0,0,0,0.5000600000000001,0,0,0,0,0,1.2287,0,0,0,0,0,0,0,0,0,0,0,0,0,0,0,0,0,0,1,0,0,0,0,0,1,0,0,0,0,0,0,0,32.40329692483821
68,0,0,0,0,0,0,0,0,0,0,0,0.56745,0,0,0,0,0,0.96991,0,0,0,0,0,0,0,0,0,0,0,0,0,0,0,0,0,0,1,0,0,0,0,0,1,0,0,0,0,0,0,0,32.40329692483821
69,0,0,0,0,0,0,0,0,0,0,0,0.38793,0,0,0,0,0,0.9272,0,0,0,0,0,0,0,0,0,0,0,0,0,0,0,0,0,0,1,0,0,0,0,0,1,0,0,0,0,0,0,0,32.40329692483821
70,0,0,0,0,0,0,0,0,0,0,0,0.34348,0,0,0,0,0,0.92896,0,0,0,0,0,0,0,0,0,0,0,0,0,0,0,0,0,0,1,0,0,0,0,0,1,0,0,0,0,0,0,0,32.40329692483821
71,0,0,0,0,0,0,0,0,0,0,0,0.40183,0,0,0,0,0,0.97769,0,0,0,0,0,0,0,0,0,0,0,0,0,0,0,0,0,0,1,0,0,0,0,0,1,0,0,0,0,0,0,0,32.40329692483821
72,0,0,0,0,0,0,0,0,0,0,0,0.46266,0,0,0,0,0,0.9003200000000001,0,0,0,0,0,0,0,0,0,0,0,0,0,0,0,0,0,0,1,0,0,0,0,0,1,0,0,0,0,0,0,0,32.40329692483821
73,0,0,0,0,0,0,0,0,0,0,0,0.30232,0,0,0,0,0,1.1496,0,0,0,0,0,0,0,0,0,0,0,0,0,0,0,0,0,0,1,0,0,0,0,0,1,0,0,0,0,0,0,0,32.40329692483821
74,0,0,0,0,0,0,0,0,0,0,0,0.27773000000000003,0,0,0,0,0,1.105,0,0,0,0,0,0,0,0,0,0,0,0,0,0,0,0,0,0,1,0,0,0,0,0,1,0,0,0,0,0,0,0,32.40329692483821
75,0,0,0,0,0,0,0,0,0,0,0,0.1369,0,0,0,0,0,1.0591,0,0,0,0,0,0,0,0,0,0,0,0,0,0,0,0,0,0,1,0,0,0,0,0,1,0,0,0,0,0,0,0,32.40329692483821
76,0,0,0,0,0,0,0,0,0,0,0,0.31308,0,0,0,0,0,0.92471,0,0,0,0,0,0,0,0,0,0,0,0,0,0,0,0,0,0,1,0,0,0,0,0,1,0,0,0,0,0,0,0,32.40329692483821
77,0,0,0,0,0,0,0,0,0,0,0,0.28434,0,0,0,0,0,0.9785299999999999,0,0,0,0,0,0,0,0,0,0,0,0,0,0,0,0,0,0,1,0,0,0,0,0,1,0,0,0,0,0,0,0,32.40329692483821
78,0,0,0,0,0,0,0,0,0,0,0,0.28824,0,0,0,0,0,1.0659,0,0,0,0,0,0,0,0,0,0,0,0,0,0,0,0,0,0,1,0,0,0,0,0,1,0,0,0,0,0,0,0,32.40329692483821
79,0,0,0,0,0,0,0,0,0,0,0,0.4586,0,0,0,0,0,1.0994,0,0,0,0,0,0,0,0,0,0,0,0,0,0,0,0,0,0,1,0,0,0,0,0,1,0,0,0,0,0,0,0,32.40329692483821
80,0,0,0,0,0,0,0,0,0,0,0,0.32623,0,0,0,0,0,1.1437,0,0,0,0,0,0,0,0,0,0,0,0,0,0,0,0,0,0,1,0,0,0,0,0,1,0,0,0,0,0,0,0,32.40329692483821
81,0,0,0,0,0,0,0,0,0,0,0,0.19658,0,0,0,0,0,1.1282,0,0,0,0,0,0,0,0,0,0,0,0,0,0,0,0,0,0,1,0,0,0,0,0,1,0,0,0,0,0,0,0,32.40329692483821
82,0,0,0,0,0,0,0,0,0,0,0,0.24828000000000003,0,0,0,0,0,1.0701,0,0,0,0,0,0,0,0,0,0,0,0,0,0,0,0,0,0,1,0,0,0,0,0,1,0,0,0,0,0,0,0,32.40329692483821
83,0,0,0,0,0,0,0,0,0,0,0,0.25792,0,0,0,0,0,0.9356700000000001,0,0,0,0,0,0,0,0,0,0,0,0,0,0,0,0,0,0,1,0,0,0,0,0,1,0,0,0,0,0,0,0,32.40329692483821
84,0,0,0,0,0,0,0,0,0,0,0,0.5483100000000001,0,0,0,0,0,0.90196,0,0,0,0,0,0,0,0,0,0,0,0,0,0,0,0,0,0,1,0,0,0,0,0,1,0,0,0,0,0,0,0,32.40329692483821
85,0,0,0,0,0,0,0,0,0,0,0,0.062329999999999997,0,0,0,0,0,1.0759,0,0,0,0,0,0,0,0,0,0,0,0,0,0,0,0,0,0,1,0,0,0,0,0,1,0,0,0,0,0,0,0,32.40329692483821
86,0,0,0,0,0,0,0,0,0,0,0,0.030979000000000003,0,0,0,0,0,1.0277,0,0,0,0,0,0,0,0,0,0,0,0,0,0,0,0,0,0,1,0,0,0,0,0,1,0,0,0,0,0,0,0,32.40329692483821
87,0,0,0,0,0,0,0,0,0,0,0,0.25633,0,0,0,0,0,1.395,0,0,0,0,0,0,0,0,0,0,0,0,0,0,0,0,0,0,1,0,0,0,0,0,1,0,0,0,0,0,0,0,32.40329692483821
88,0,0,0,0,0,0,0,0,0,0,0,0.36059,0,0,0,0,0,0.99259,0,0,0,0,0,0,0,0,0,0,0,0,0,0,0,0,0,0,1,0,0,0,0,0,1,0,0,0,0,0,0,0,32.40329692483821
89,0,0,0,0,0,0,0,0,0,0,0,0.23175,0,0,0,0,0,1.0365,0,0,0,0,0,0,0,0,0,0,0,0,0,0,0,0,0,0,1,0,0,0,0,0,1,0,0,0,0,0,0,0,32.40329692483821
90,0,0,0,0,0,0,0,0,0,0,0,0.3918,0,0,0,0,0,0.7904100000000001,0,0,0,0,0,0,0,0,0,0,0,0,0,0,0,0,0,0,1,0,0,0,0,0,1,0,0,0,0,0,0,0,32.40329692483821
91,0,0,0,0,0,0,0,0,0,0,0,0.32376,0,0,0,0,0,1.1425,0,0,0,0,0,0,0,0,0,0,0,0,0,0,0,0,0,0,1,0,0,0,0,0,1,0,0,0,0,0,0,0,32.40329692483821
92,0,0,0,0,0,0,0,0,0,0,0,0.24175,0,0,0,0,0,1.0365,0,0,0,0,0,0,0,0,0,0,0,0,0,0,0,0,0,0,1,0,0,0,0,0,1,0,0,0,0,0,0,0,32.40329692483821
93,0,0,0,0,0,0,0,0,0,0,0,0.386,0,0,0,0,0,1.0217,0,0,0,0,0,0,0,0,0,0,0,0,0,0,0,0,0,0,1,0,0,0,0,0,1,0,0,0,0,0,0,0,32.40329692483821
94,0,0,0,0,0,0,0,0,0,0,0,0.26247,0,0,0,0,0,1.0076,0,0,0,0,0,0,0,0,0,0,0,0,0,0,0,0,0,0,1,0,0,0,0,0,1,0,0,0,0,0,0,0,32.40329692483821
95,0,0,0,0,0,0,0,0,0,0,0,0.015544,0,0,0,0,0,1.1137,0,0,0,0,0,0,0,0,0,0,0,0,0,0,0,0,0,0,1,0,0,0,0,0,1,0,0,0,0,0,0,0,32.40329692483821
96,0,0,0,0,0,0,0,0,0,0,0,0.18005,0,0,0,0,0,1.0705,0,0,0,0,0,0,0,0,0,0,0,0,0,0,0,0,0,0,1,0,0,0,0,0,1,0,0,0,0,0,0,0,32.40329692483821
97,0,0,0,0,0,0,0,0,0,0,0,0.13030999999999998,0,0,0,0,0,1.1212,0,0,0,0,0,0,0,0,0,0,0,0,0,0,0,0,0,0,1,0,0,0,0,0,1,0,0,0,0,0,0,0,32.40329692483821
98,0,0,0,0,0,0,0,0,0,0,0,0.45511999999999997,0,0,0,0,0,0.8412799999999999,0,0,0,0,0,0,0,0,0,0,0,0,0,0,0,0,0,0,1,0,0,0,0,0,1,0,0,0,0,0,0,0,32.40329692483821
99,0,0,0,0,0,0,0,0,0,0,0,0.31182,0,0,0,0,0,1.1508,0,0,0,0,0,0,0,0,0,0,0,0,0,0,0,0,0,0,1,0,0,0,0,0,1,0,0,0,0,0,0,0,32.40329692483821
100,0,0,0,0,0,0,0,0,0,0,0,0.62112,0,0,0,0,0,0.6920000000000001,0,0,0,0,0,0,0,0,0,0,0,0,0,0,0,0,0,0,1,0,0,0,0,0,1,0,0,0,0,0,0,0,32.40329692483821
101,0,0,0,0,0,0,0,0,0,0,0,0.38177,0,0,0,0,0,1.1731,0,0,0,0,0,0,0,0,0,0,0,0,0,0,0,0,0,0,1,0,0,0,0,0,1,0,0,0,0,0,0,0,32.40329692483821
102,0,0,0,0,0,0,0,0,0,0,0,0.38745,0,0,0,0,0,1.0023,0,0,0,0,0,0,0,0,0,0,0,0,0,0,0,0,0,0,1,0,0,0,0,0,1,0,0,0,0,0,0,0,32.40329692483821
103,0,0,0,0,0,0,0,0,0,0,0,0.34147,0,0,0,0,0,1.0603,0,0,0,0,0,0,0,0,0,0,0,0,0,0,0,0,0,0,1,0,0,0,0,0,1,0,0,0,0,0,0,0,32.40329692483821
104,0,0,0,0,0,0,0,0,0,0,0,0.10142999999999999,0,0,0,0,0,1.074,0,0,0,0,0,0,0,0,0,0,0,0,0,0,0,0,0,0,1,0,0,0,0,0,1,0,0,0,0,0,0,0,32.40329692483821
105,0,0,0,0,0,0,0,0,0,0,0,0.49103,0,0,0,0,0,0.8588600000000001,0,0,0,0,0,0,0,0,0,0,0,0,0,0,0,0,0,0,1,0,0,0,0,0,1,0,0,0,0,0,0,0,32.40329692483821
106,0,0,0,0,0,0,0,0,0,0,0,0.2266,0,0,0,0,0,1.3541,0,0,0,0,0,0,0,0,0,0,0,0,0,0,0,0,0,0,1,0,0,0,0,0,1,0,0,0,0,0,0,0,32.40329692483821
107,0,0,0,0,0,0,0,0,0,0,0,0.1802,0,0,0,0,0,1.0145,0,0,0,0,0,0,0,0,0,0,0,0,0,0,0,0,0,0,1,0,0,0,0,0,1,0,0,0,0,0,0,0,32.40329692483821
108,0,0,0,0,0,0,0,0,0,0,0,0.34741,0,0,0,0,0,0.93627,0,0,0,0,0,0,0,0,0,0,0,0,0,0,0,0,0,0,1,0,0,0,0,0,1,0,0,0,0,0,0,0,32.40329692483821
109,0,0,0,0,0,0,0,0,0,0,0,0.37585999999999997,0,0,0,0,0,0.9734799999999999,0,0,0,0,0,0,0,0,0,0,0,0,0,0,0,0,0,0,1,0,0,0,0,0,1,0,0,0,0,0,0,0,32.40329692483821
110,0,0,0,0,0,0,0,0,0,0,0,0.20773000000000003,0,0,0,0,0,0.86864,0,0,0,0,0,0,0,0,0,0,0,0,0,0,0,0,0,0,1,0,0,0,0,0,1,0,0,0,0,0,0,0,32.40329692483821
111,0,0,0,0,0,0,0,0,0,0,0,0.23084000000000002,0,0,0,0,0,1.0376,0,0,0,0,0,0,0,0,0,0,0,0,0,0,0,0,0,0,1,0,0,0,0,0,1,0,0,0,0,0,0,0,32.40329692483821
112,0,0,0,0,0,0,0,0,0,0,0,0.28428000000000003,0,0,0,0,0,1.1331,0,0,0,0,0,0,0,0,0,0,0,0,0,0,0,0,0,0,1,0,0,0,0,0,1,0,0,0,0,0,0,0,32.40329692483821
113,0,0,0,0,0,0,0,0,0,0,0,0.34110999999999997,0,0,0,0,0,0.9673,0,0,0,0,0,0,0,0,0,0,0,0,0,0,0,0,0,0,1,0,0,0,0,0,1,0,0,0,0,0,0,0,32.40329692483821
114,0,0,0,0,0,0,0,0,0,0,0,0.19892,0,0,0,0,0,1.0462,0,0,0,0,0,0,0,0,0,0,0,0,0,0,0,0,0,0,1,0,0,0,0,0,1,0,0,0,0,0,0,0,32.40329692483821
115,0,0,0,0,0,0,0,0,0,0,0,0.39435,0,0,0,0,0,1.2598,0,0,0,0,0,0,0,0,0,0,0,0,0,0,0,0,0,0,1,0,0,0,0,0,1,0,0,0,0,0,0,0,32.40329692483821
116,0,0,0,0,0,0,0,0,0,0,0,0.36518,0,0,0,0,0,1.0428,0,0,0,0,0,0,0,0,0,0,0,0,0,0,0,0,0,0,1,0,0,0,0,0,1,0,0,0,0,0,0,0,32.40329692483821
117,0,0,0,0,0,0,0,0,0,0,0,0.25661999999999996,0,0,0,0,0,1.1528,0,0,0,0,0,0,0,0,0,0,0,0,0,0,0,0,0,0,1,0,0,0,0,0,1,0,0,0,0,0,0,0,32.40329692483821
118,0,0,0,0,0,0,0,0,0,0,0,0.34233,0,0,0,0,0,1.0508,0,0,0,0,0,0,0,0,0,0,0,0,0,0,0,0,0,0,1,0,0,0,0,0,1,0,0,0,0,0,0,0,32.40329692483821
119,0,0,0,0,0,0,0,0,0,0,0,0.14523,0,0,0,0,0,1.2402,0,0,0,0,0,0,0,0,0,0,0,0,0,0,0,0,0,0,1,0,0,0,0,0,1,0,0,0,0,0,0,0,32.40329692483821
120,0,0,0,0,0,0,0,0,0,0,0,0.27286,0,0,0,0,0,0.9711799999999999,0,0,0,0,0,0,0,0,0,0,0,0,0,0,0,0,0,0,1,0,0,0,0,0,1,0,0,0,0,0,0,0,32.40329692483821
121,0,0,0,0,0,0,0,0,0,0,0,0.42386999999999997,0,0,0,0,0,0.86067,0,0,0,0,0,0,0,0,0,0,0,0,0,0,0,0,0,0,1,0,0,0,0,0,1,0,0,0,0,0,0,0,32.40329692483821
122,0,0,0,0,0,0,0,0,0,0,0,0.53866,0,0,0,0,0,1.1783,0,0,0,0,0,0,0,0,0,0,0,0,0,0,0,0,0,0,1,0,0,0,0,0,1,0,0,0,0,0,0,0,32.40329692483821
123,0,0,0,0,0,0,0,0,0,0,0,0.45683999999999997,0,0,0,0,0,0.8105600000000001,0,0,0,0,0,0,0,0,0,0,0,0,0,0,0,0,0,0,1,0,0,0,0,0,1,0,0,0,0,0,0,0,32.40329692483821
124,0,0,0,0,0,0,0,0,0,0,0,0.30827,0,0,0,0,0,1.0219,0,0,0,0,0,0,0,0,0,0,0,0,0,0,0,0,0,0,1,0,0,0,0,0,1,0,0,0,0,0,0,0,32.40329692483821
125,0,0,0,0,0,0,0,0,0,0,0,0.26621,0,0,0,0,0,1.0749,0,0,0,0,0,0,0,0,0,0,0,0,0,0,0,0,0,0,1,0,0,0,0,0,1,0,0,0,0,0,0,0,32.40329692483821
126,0,0,0,0,0,0,0,0,0,0,0,0.41453999999999996,0,0,0,0,0,0.98362,0,0,0,0,0,0,0,0,0,0,0,0,0,0,0,0,0,0,1,0,0,0,0,0,1,0,0,0,0,0,0,0,32.40329692483821
127,0,0,0,0,0,0,0,0,0,0,0,0.3666,0,0,0,0,0,0.76432,0,0,0,0,0,0,0,0,0,0,0,0,0,0,0,0,0,0,1,0,0,0,0,0,1,0,0,0,0,0,0,0,32.40329692483821
128,0,0,0,0,0,0,0,0,0,0,0,0.4142,0,0,0,0,0,0.9006299999999999,0,0,0,0,0,0,0,0,0,0,0,0,0,0,0,0,0,0,1,0,0,0,0,0,1,0,0,0,0,0,0,0,32.40329692483821
129,0,0,0,0,0,0,0,0,0,0,0,0.2289,0,0,0,0,0,0.9522700000000001,0,0,0,0,0,0,0,0,0,0,0,0,0,0,0,0,0,0,1,0,0,0,0,0,1,0,0,0,0,0,0,0,32.40329692483821
130,0,0,0,0,0,0,0,0,0,0,0,0.44925,0,0,0,0,0,1.2643,0,0,0,0,0,0,0,0,0,0,0,0,0,0,0,0,0,0,1,0,0,0,0,0,1,0,0,0,0,0,0,0,32.40329692483821
131,0,0,0,0,0,0,0,0,0,0,0,0.40224,0,0,0,0,0,0.8501700000000001,0,0,0,0,0,0,0,0,0,0,0,0,0,0,0,0,0,0,1,0,0,0,0,0,1,0,0,0,0,0,0,0,32.40329692483821
132,0,0,0,0,0,0,0,0,0,0,0,0.43605,0,0,0,0,0,0.8846,0,0,0,0,0,0,0,0,0,0,0,0,0,0,0,0,0,0,1,0,0,0,0,0,1,0,0,0,0,0,0,0,32.40329692483821
133,0,0,0,0,0,0,0,0,0,0,0,8.7134e-05,0,0,0,0,0,1.0648,0,0,0,0,0,0,0,0,0,0,0,0,0,0,0,0,0,0,1,0,0,0,0,0,1,0,0,0,0,0,0,0,32.40329692483821
134,0,0,0,0,0,0,0,0,0,0,0,0.24885,0,0,0,0,0,1.0969,0,0,0,0,0,0,0,0,0,0,0,0,0,0,0,0,0,0,1,0,0,0,0,0,1,0,0,0,0,0,0,0,32.40329692483821
135,0,0,0,0,0,0,0,0,0,0,0,0.25429,0,0,0,0,0,0.9737299999999999,0,0,0,0,0,0,0,0,0,0,0,0,0,0,0,0,0,0,1,0,0,0,0,0,1,0,0,0,0,0,0,0,32.40329692483821
136,0,0,0,0,0,0,0,0,0,0,0,0.46453,0,0,0,0,0,1.0396,0,0,0,0,0,0,0,0,0,0,0,0,0,0,0,0,0,0,1,0,0,0,0,0,1,0,0,0,0,0,0,0,32.40329692483821
137,0,0,0,0,0,0,0,0,0,0,0,0.49206000000000005,0,0,0,0,0,0.72892,0,0,0,0,0,0,0,0,0,0,0,0,0,0,0,0,0,0,1,0,0,0,0,0,1,0,0,0,0,0,0,0,32.40329692483821
138,0,0,0,0,0,0,0,0,0,0,0,0.37108,0,0,0,0,0,0.73492,0,0,0,0,0,0,0,0,0,0,0,0,0,0,0,0,0,0,1,0,0,0,0,0,1,0,0,0,0,0,0,0,32.40329692483821
139,0,0,0,0,0,0,0,0,0,0,0,4.2954e-08,0,0,0,0,0,0.96675,0,0,0,0,0,0,0,0,0,0,0,0,0,0,0,0,0,0,1,0,0,0,0,0,1,0,0,0,0,0,0,0,32.40329692483821
140,0,0,0,0,0,0,0,0,0,0,0,0.40847,0,0,0,0,0,1.037,0,0,0,0,0,0,0,0,0,0,0,0,0,0,0,0,0,0,1,0,0,0,0,0,1,0,0,0,0,0,0,0,32.40329692483821
141,0,0,0,0,0,0,0,0,0,0,0,4.4235e-09,0,0,0,0,0,1.09,0,0,0,0,0,0,0,0,0,0,0,0,0,0,0,0,0,0,1,0,0,0,0,0,1,0,0,0,0,0,0,0,32.40329692483821
142,0,0,0,0,0,0,0,0,0,0,0,0.3068,0,0,0,0,0,1.0479,0,0,0,0,0,0,0,0,0,0,0,0,0,0,0,0,0,0,1,0,0,0,0,0,1,0,0,0,0,0,0,0,32.40329692483821
143,0,0,0,0,0,0,0,0,0,0,0,0.5307,0,0,0,0,0,0.76602,0,0,0,0,0,0,0,0,0,0,0,0,0,0,0,0,0,0,1,0,0,0,0,0,1,0,0,0,0,0,0,0,32.40329692483821
144,0,0,0,0,0,0,0,0,0,0,0,0.33316,0,0,0,0,0,1.1289,0,0,0,0,0,0,0,0,0,0,0,0,0,0,0,0,0,0,1,0,0,0,0,0,1,0,0,0,0,0,0,0,32.40329692483821
145,0,0,0,0,0,0,0,0,0,0,0,0.081762,0,0,0,0,0,1.1109,0,0,0,0,0,0,0,0,0,0,0,0,0,0,0,0,0,0,1,0,0,0,0,0,1,0,0,0,0,0,0,0,32.40329692483821
146,0,0,0,0,0,0,0,0,0,0,0,0.3725,0,0,0,0,0,0.92942,0,0,0,0,0,0,0,0,0,0,0,0,0,0,0,0,0,0,1,0,0,0,0,0,1,0,0,0,0,0,0,0,32.40329692483821
147,0,0,0,0,0,0,0,0,0,0,0,0.25196,0,0,0,0,0,1.1118,0,0,0,0,0,0,0,0,0,0,0,0,0,0,0,0,0,0,1,0,0,0,0,0,1,0,0,0,0,0,0,0,32.40329692483821
148,0,0,0,0,0,0,0,0,0,0,0,0.32003000000000004,0,0,0,0,0,1.2572,0,0,0,0,0,0,0,0,0,0,0,0,0,0,0,0,0,0,1,0,0,0,0,0,1,0,0,0,0,0,0,0,32.40329692483821
149,0,0,0,0,0,0,0,0,0,0,0,0.51047,0,0,0,0,0,1.0785,0,0,0,0,0,0,0,0,0,0,0,0,0,0,0,0,0,0,1,0,0,0,0,0,1,0,0,0,0,0,0,0,32.40329692483821
150,0,0,0,0,0,0,0,0,0,0,0,0.00062689,0,0,0,0,0,0.98718,0,0,0,0,0,0,0,0,0,0,0,0,0,0,0,0,0,0,1,0,0,0,0,0,1,0,0,0,0,0,0,0,32.40329692483821
151,0,0,0,0,0,0,0,0,0,0,0,0.33905,0,0,0,0,0,0.96575,0,0,0,0,0,0,0,0,0,0,0,0,0,0,0,0,0,0,1,0,0,0,0,0,1,0,0,0,0,0,0,0,32.40329692483821
152,0,0,0,0,0,0,0,0,0,0,0,0.11725999999999999,0,0,0,0,0,1.1347,0,0,0,0,0,0,0,0,0,0,0,0,0,0,0,0,0,0,1,0,0,0,0,0,1,0,0,0,0,0,0,0,32.40329692483821
153,0,0,0,0,0,0,0,0,0,0,0,0.4348,0,0,0,0,0,1.1038,0,0,0,0,0,0,0,0,0,0,0,0,0,0,0,0,0,0,1,0,0,0,0,0,1,0,0,0,0,0,0,0,32.40329692483821
154,0,0,0,0,0,0,0,0,0,0,0,0.41918999999999995,0,0,0,0,0,1.0869,0,0,0,0,0,0,0,0,0,0,0,0,0,0,0,0,0,0,1,0,0,0,0,0,1,0,0,0,0,0,0,0,32.40329692483821
155,0,0,0,0,0,0,0,0,0,0,0,0.26031,0,0,0,0,0,1.0403,0,0,0,0,0,0,0,0,0,0,0,0,0,0,0,0,0,0,1,0,0,0,0,0,1,0,0,0,0,0,0,0,32.40329692483821
156,0,0,0,0,0,0,0,0,0,0,0,0.3669,0,0,0,0,0,0.8425600000000001,0,0,0,0,0,0,0,0,0,0,0,0,0,0,0,0,0,0,1,0,0,0,0,0,1,0,0,0,0,0,0,0,32.40329692483821
157,0,0,0,0,0,0,0,0,0,0,0,0.4682,0,0,0,0,0,1.0427,0,0,0,0,0,0,0,0,0,0,0,0,0,0,0,0,0,0,1,0,0,0,0,0,1,0,0,0,0,0,0,0,32.40329692483821
158,0,0,0,0,0,0,0,0,0,0,0,0.20486999999999997,0,0,0,0,0,1.0426,0,0,0,0,0,0,0,0,0,0,0,0,0,0,0,0,0,0,1,0,0,0,0,0,1,0,0,0,0,0,0,0,32.40329692483821
159,0,0,0,0,0,0,0,0,0,0,0,0.2654,0,0,0,0,0,1.1855,0,0,0,0,0,0,0,0,0,0,0,0,0,0,0,0,0,0,1,0,0,0,0,0,1,0,0,0,0,0,0,0,32.40329692483821
160,0,0,0,0,0,0,0,0,0,0,0,0.34104,0,0,0,0,0,1.1163,0,0,0,0,0,0,0,0,0,0,0,0,0,0,0,0,0,0,1,0,0,0,0,0,1,0,0,0,0,0,0,0,32.40329692483821
161,0,0,0,0,0,0,0,0,0,0,0,0.31773,0,0,0,0,0,0.94665,0,0,0,0,0,0,0,0,0,0,0,0,0,0,0,0,0,0,1,0,0,0,0,0,1,0,0,0,0,0,0,0,32.40329692483821
162,0,0,0,0,0,0,0,0,0,0,0,0.3248,0,0,0,0,0,0.9542200000000001,0,0,0,0,0,0,0,0,0,0,0,0,0,0,0,0,0,0,1,0,0,0,0,0,1,0,0,0,0,0,0,0,32.40329692483821
163,0,0,0,0,0,0,0,0,0,0,0,0.16605,0,0,0,0,0,1.1235,0,0,0,0,0,0,0,0,0,0,0,0,0,0,0,0,0,0,1,0,0,0,0,0,1,0,0,0,0,0,0,0,32.40329692483821
164,0,0,0,0,0,0,0,0,0,0,0,0.27591,0,0,0,0,0,0.8577600000000001,0,0,0,0,0,0,0,0,0,0,0,0,0,0,0,0,0,0,1,0,0,0,0,0,1,0,0,0,0,0,0,0,32.40329692483821
165,0,0,0,0,0,0,0,0,0,0,0,0.26258000000000004,0,0,0,0,0,0.99755,0,0,0,0,0,0,0,0,0,0,0,0,0,0,0,0,0,0,1,0,0,0,0,0,1,0,0,0,0,0,0,0,32.40329692483821
166,0,0,0,0,0,0,0,0,0,0,0,0.36023,0,0,0,0,0,1.2244,0,0,0,0,0,0,0,0,0,0,0,0,0,0,0,0,0,0,1,0,0,0,0,0,1,0,0,0,0,0,0,0,32.40329692483821
167,0,0,0,0,0,0,0,0,0,0,0,0.38366999999999996,0,0,0,0,0,0.85845,0,0,0,0,0,0,0,0,0,0,0,0,0,0,0,0,0,0,1,0,0,0,0,0,1,0,0,0,0,0,0,0,32.40329692483821
168,0,0,0,0,0,0,0,0,0,0,0,0.5263800000000001,0,0,0,0,0,1.2523,0,0,0,0,0,0,0,0,0,0,0,0,0,0,0,0,0,0,1,0,0,0,0,0,1,0,0,0,0,0,0,0,32.40329692483821
169,0,0,0,0,0,0,0,0,0,0,0,0.16762,0,0,0,0,0,1.0567,0,0,0,0,0,0,0,0,0,0,0,0,0,0,0,0,0,0,1,0,0,0,0,0,1,0,0,0,0,0,0,0,32.40329692483821
170,0,0,0,0,0,0,0,0,0,0,0,0.33055999999999996,0,0,0,0,0,0.91396,0,0,0,0,0,0,0,0,0,0,0,0,0,0,0,0,0,0,1,0,0,0,0,0,1,0,0,0,0,0,0,0,32.40329692483821
171,0,0,0,0,0,0,0,0,0,0,0,0.26331,0,0,0,0,0,1.0735,0,0,0,0,0,0,0,0,0,0,0,0,0,0,0,0,0,0,1,0,0,0,0,0,1,0,0,0,0,0,0,0,32.40329692483821
172,0,0,0,0,0,0,0,0,0,0,0,0.40571999999999997,0,0,0,0,0,0.98285,0,0,0,0,0,0,0,0,0,0,0,0,0,0,0,0,0,0,1,0,0,0,0,0,1,0,0,0,0,0,0,0,32.40329692483821
173,0,0,0,0,0,0,0,0,0,0,0,0.21523,0,0,0,0,0,1.1912,0,0,0,0,0,0,0,0,0,0,0,0,0,0,0,0,0,0,1,0,0,0,0,0,1,0,0,0,0,0,0,0,32.40329692483821
174,0,0,0,0,0,0,0,0,0,0,0,0.34017,0,0,0,0,0,1.1097,0,0,0,0,0,0,0,0,0,0,0,0,0,0,0,0,0,0,1,0,0,0,0,0,1,0,0,0,0,0,0,0,32.40329692483821
175,0,0,0,0,0,0,0,0,0,0,0,0.33868000000000004,0,0,0,0,0,1.0384,0,0,0,0,0,0,0,0,0,0,0,0,0,0,0,0,0,0,1,0,0,0,0,0,1,0,0,0,0,0,0,0,32.40329692483821
176,0,0,0,0,0,0,0,0,0,0,0,0.6600199999999999,0,0,0,0,0,0.86541,0,0,0,0,0,0,0,0,0,0,0,0,0,0,0,0,0,0,1,0,0,0,0,0,1,0,0,0,0,0,0,0,32.40329692483821
177,0,0,0,0,0,0,0,0,0,0,0,0.078947,0,0,0,0,0,1.0451,0,0,0,0,0,0,0,0,0,0,0,0,0,0,0,0,0,0,1,0,0,0,0,0,1,0,0,0,0,0,0,0,32.40329692483821
178,0,0,0,0,0,0,0,0,0,0,0,0.18659,0,0,0,0,0,1.0244,0,0,0,0,0,0,0,0,0,0,0,0,0,0,0,0,0,0,1,0,0,0,0,0,1,0,0,0,0,0,0,0,32.40329692483821
179,0,0,0,0,0,0,0,0,0,0,0,0.19939,0,0,0,0,0,1.0968,0,0,0,0,0,0,0,0,0,0,0,0,0,0,0,0,0,0,1,0,0,0,0,0,1,0,0,0,0,0,0,0,32.40329692483821
180,0,0,0,0,0,0,0,0,0,0,0,0.00048368,0,0,0,0,0,1.1133,0,0,0,0,0,0,0,0,0,0,0,0,0,0,0,0,0,0,1,0,0,0,0,0,1,0,0,0,0,0,0,0,32.40329692483821
181,0,0,0,0,0,0,0,0,0,0,0,0.26811,0,0,0,0,0,0.9956299999999999,0,0,0,0,0,0,0,0,0,0,0,0,0,0,0,0,0,0,1,0,0,0,0,0,1,0,0,0,0,0,0,0,32.40329692483821
182,0,0,0,0,0,0,0,0,0,0,0,0.23435999999999998,0,0,0,0,0,1.1403,0,0,0,0,0,0,0,0,0,0,0,0,0,0,0,0,0,0,1,0,0,0,0,0,1,0,0,0,0,0,0,0,32.40329692483821
183,0,0,0,0,0,0,0,0,0,0,0,0.33283,0,0,0,0,0,1.0458,0,0,0,0,0,0,0,0,0,0,0,0,0,0,0,0,0,0,1,0,0,0,0,0,1,0,0,0,0,0,0,0,32.40329692483821
184,0,0,0,0,0,0,0,0,0,0,0,0.44348000000000004,0,0,0,0,0,1.1282,0,0,0,0,0,0,0,0,0,0,0,0,0,0,0,0,0,0,1,0,0,0,0,0,1,0,0,0,0,0,0,0,32.40329692483821
185,0,0,0,0,0,0,0,0,0,0,0,0.2706,0,0,0,0,0,0.9603799999999999,0,0,0,0,0,0,0,0,0,0,0,0,0,0,0,0,0,0,1,0,0,0,0,0,1,0,0,0,0,0,0,0,32.40329692483821
186,0,0,0,0,0,0,0,0,0,0,0,0.27754,0,0,0,0,0,1.097,0,0,0,0,0,0,0,0,0,0,0,0,0,0,0,0,0,0,1,0,0,0,0,0,1,0,0,0,0,0,0,0,32.40329692483821
187,0,0,0,0,0,0,0,0,0,0,0,0.22913000000000003,0,0,0,0,0,1.0948,0,0,0,0,0,0,0,0,0,0,0,0,0,0,0,0,0,0,1,0,0,0,0,0,1,0,0,0,0,0,0,0,32.40329692483821
188,0,0,0,0,0,0,0,0,0,0,0,0.60629,0,0,0,0,0,1.0653,0,0,0,0,0,0,0,0,0,0,0,0,0,0,0,0,0,0,1,0,0,0,0,0,1,0,0,0,0,0,0,0,32.40329692483821
189,0,0,0,0,0,0,0,0,0,0,0,0.69747,0,0,0,0,0,0.70481,0,0,0,0,0,0,0,0,0,0,0,0,0,0,0,0,0,0,1,0,0,0,0,0,1,0,0,0,0,0,0,0,32.40329692483821
190,0,0,0,0,0,0,0,0,0,0,0,0.71528,0,0,0,0,0,0.76386,0,0,0,0,0,0,0,0,0,0,0,0,0,0,0,0,0,0,1,0,0,0,0,0,1,0,0,0,0,0,0,0,32.40329692483821
191,0,0,0,0,0,0,0,0,0,0,0,0.28415,0,0,0,0,0,1.0887,0,0,0,0,0,0,0,0,0,0,0,0,0,0,0,0,0,0,1,0,0,0,0,0,1,0,0,0,0,0,0,0,32.40329692483821
192,0,0,0,0,0,0,0,0,0,0,0,0.15555,0,0,0,0,0,1.1434,0,0,0,0,0,0,0,0,0,0,0,0,0,0,0,0,0,0,1,0,0,0,0,0,1,0,0,0,0,0,0,0,32.40329692483821
193,0,0,0,0,0,0,0,0,0,0,0,0.48963,0,0,0,0,0,0.84075,0,0,0,0,0,0,0,0,0,0,0,0,0,0,0,0,0,0,1,0,0,0,0,0,1,0,0,0,0,0,0,0,32.40329692483821
194,0,0,0,0,0,0,0,0,0,0,0,0.13781,0,0,0,0,0,1.147,0,0,0,0,0,0,0,0,0,0,0,0,0,0,0,0,0,0,1,0,0,0,0,0,1,0,0,0,0,0,0,0,32.40329692483821
195,0,0,0,0,0,0,0,0,0,0,0,0.1717,0,0,0,0,0,1.1734,0,0,0,0,0,0,0,0,0,0,0,0,0,0,0,0,0,0,1,0,0,0,0,0,1,0,0,0,0,0,0,0,32.40329692483821
196,0,0,0,0,0,0,0,0,0,0,0,0.028901999999999997,0,0,0,0,0,0.85964,0,0,0,0,0,0,0,0,0,0,0,0,0,0,0,0,0,0,1,0,0,0,0,0,1,0,0,0,0,0,0,0,32.40329692483821
197,0,0,0,0,0,0,0,0,0,0,0,0.2559,0,0,0,0,0,1.0685,0,0,0,0,0,0,0,0,0,0,0,0,0,0,0,0,0,0,1,0,0,0,0,0,1,0,0,0,0,0,0,0,32.40329692483821
198,0,0,0,0,0,0,0,0,0,0,0,0.65318,0,0,0,0,0,0.96198,0,0,0,0,0,0,0,0,0,0,0,0,0,0,0,0,0,0,1,0,0,0,0,0,1,0,0,0,0,0,0,0,32.40329692483821
199,0,0,0,0,0,0,0,0,0,0,0,0.29653,0,0,0,0,0,1.0759,0,0,0,0,0,0,0,0,0,0,0,0,0,0,0,0,0,0,1,0,0,0,0,0,1,0,0,0,0,0,0,0,32.40329692483821
200,0,0,0,0,0,0,0,0,0,0,0,0.25017,0,0,0,0,0,1.0368,0,0,0,0,0,0,0,0,0,0,0,0,0,0,0,0,0,0,1,0,0,0,0,0,1,0,0,0,0,0,0,0,32.40329692483821
201,0,0,0,0,0,0,0,0,0,0,0,0.16279000000000002,0,0,0,0,0,1.0338,0,0,0,0,0,0,0,0,0,0,0,0,0,0,0,0,0,0,1,0,0,0,0,0,1,0,0,0,0,0,0,0,32.40329692483821
202,0,0,0,0,0,0,0,0,0,0,0,0.44897,0,0,0,0,0,0.90589,0,0,0,0,0,0,0,0,0,0,0,0,0,0,0,0,0,0,1,0,0,0,0,0,1,0,0,0,0,0,0,0,32.40329692483821
203,0,0,0,0,0,0,0,0,0,0,0,0.17552,0,0,0,0,0,1.0631,0,0,0,0,0,0,0,0,0,0,0,0,0,0,0,0,0,0,1,0,0,0,0,0,1,0,0,0,0,0,0,0,32.40329692483821
204,0,0,0,0,0,0,0,0,0,0,0,0.33774,0,0,0,0,0,0.941,0,0,0,0,0,0,0,0,0,0,0,0,0,0,0,0,0,0,1,0,0,0,0,0,1,0,0,0,0,0,0,0,32.40329692483821
205,0,0,0,0,0,0,0,0,0,0,0,0.38734,0,0,0,0,0,0.83319,0,0,0,0,0,0,0,0,0,0,0,0,0,0,0,0,0,0,1,0,0,0,0,0,1,0,0,0,0,0,0,0,32.40329692483821
206,0,0,0,0,0,0,0,0,0,0,0,0.43943000000000004,0,0,0,0,0,0.87789,0,0,0,0,0,0,0,0,0,0,0,0,0,0,0,0,0,0,1,0,0,0,0,0,1,0,0,0,0,0,0,0,32.40329692483821
207,0,0,0,0,0,0,0,0,0,0,0,0.4848,0,0,0,0,0,0.91396,0,0,0,0,0,0,0,0,0,0,0,0,0,0,0,0,0,0,1,0,0,0,0,0,1,0,0,0,0,0,0,0,32.40329692483821
208,0,0,0,0,0,0,0,0,0,0,0,0.37848000000000004,0,0,0,0,0,0.86639,0,0,0,0,0,0,0,0,0,0,0,0,0,0,0,0,0,0,1,0,0,0,0,0,1,0,0,0,0,0,0,0,32.40329692483821
209,0,0,0,0,0,0,0,0,0,0,0,0.39198,0,0,0,0,0,1.0481,0,0,0,0,0,0,0,0,0,0,0,0,0,0,0,0,0,0,1,0,0,0,0,0,1,0,0,0,0,0,0,0,32.40329692483821
210,0,0,0,0,0,0,0,0,0,0,0,0.4473,0,0,0,0,0,0.8295100000000001,0,0,0,0,0,0,0,0,0,0,0,0,0,0,0,0,0,0,1,0,0,0,0,0,1,0,0,0,0,0,0,0,32.40329692483821
211,0,0,0,0,0,0,0,0,0,0,0,0.23356,0,0,0,0,0,1.2188,0,0,0,0,0,0,0,0,0,0,0,0,0,0,0,0,0,0,1,0,0,0,0,0,1,0,0,0,0,0,0,0,32.40329692483821
212,0,0,0,0,0,0,0,0,0,0,0,0.45006,0,0,0,0,0,0.8376399999999999,0,0,0,0,0,0,0,0,0,0,0,0,0,0,0,0,0,0,1,0,0,0,0,0,1,0,0,0,0,0,0,0,32.40329692483821
213,0,0,0,0,0,0,0,0,0,0,0,0.41101000000000004,0,0,0,0,0,1.1339,0,0,0,0,0,0,0,0,0,0,0,0,0,0,0,0,0,0,1,0,0,0,0,0,1,0,0,0,0,0,0,0,32.40329692483821
214,0,0,0,0,0,0,0,0,0,0,0,0.15836,0,0,0,0,0,0.9677,0,0,0,0,0,0,0,0,0,0,0,0,0,0,0,0,0,0,1,0,0,0,0,0,1,0,0,0,0,0,0,0,32.40329692483821
215,0,0,0,0,0,0,0,0,0,0,0,0.35031,0,0,0,0,0,1.0006,0,0,0,0,0,0,0,0,0,0,0,0,0,0,0,0,0,0,1,0,0,0,0,0,1,0,0,0,0,0,0,0,32.40329692483821
216,0,0,0,0,0,0,0,0,0,0,0,0.4373,0,0,0,0,0,1.0254,0,0,0,0,0,0,0,0,0,0,0,0,0,0,0,0,0,0,1,0,0,0,0,0,1,0,0,0,0,0,0,0,32.40329692483821
217,0,0,0,0,0,0,0,0,0,0,0,0.29394000000000003,0,0,0,0,0,1.0663,0,0,0,0,0,0,0,0,0,0,0,0,0,0,0,0,0,0,1,0,0,0,0,0,1,0,0,0,0,0,0,0,32.40329692483821
218,0,0,0,0,0,0,0,0,0,0,0,0.40708,0,0,0,0,0,0.6890000000000001,0,0,0,0,0,0,0,0,0,0,0,0,0,0,0,0,0,0,1,0,0,0,0,0,1,0,0,0,0,0,0,0,32.40329692483821
219,0,0,0,0,0,0,0,0,0,0,0,0.3593,0,0,0,0,0,1.0719,0,0,0,0,0,0,0,0,0,0,0,0,0,0,0,0,0,0,1,0,0,0,0,0,1,0,0,0,0,0,0,0,32.40329692483821
220,0,0,0,0,0,0,0,0,0,0,0,0.73407,0,0,0,0,0,0.8749299999999999,0,0,0,0,0,0,0,0,0,0,0,0,0,0,0,0,0,0,1,0,0,0,0,0,1,0,0,0,0,0,0,0,32.40329692483821
221,0,0,0,0,0,0,0,0,0,0,0,0.001152,0,0,0,0,0,0.88608,0,0,0,0,0,0,0,0,0,0,0,0,0,0,0,0,0,0,1,0,0,0,0,0,1,0,0,0,0,0,0,0,32.40329692483821
222,0,0,0,0,0,0,0,0,0,0,0,0.5482899999999999,0,0,0,0,0,1.1017,0,0,0,0,0,0,0,0,0,0,0,0,0,0,0,0,0,0,1,0,0,0,0,0,1,0,0,0,0,0,0,0,32.40329692483821
223,0,0,0,0,0,0,0,0,0,0,0,0.46687,0,0,0,0,0,1.0949,0,0,0,0,0,0,0,0,0,0,0,0,0,0,0,0,0,0,1,0,0,0,0,0,1,0,0,0,0,0,0,0,32.40329692483821
224,0,0,0,0,0,0,0,0,0,0,0,0.28926,0,0,0,0,0,0.91906,0,0,0,0,0,0,0,0,0,0,0,0,0,0,0,0,0,0,1,0,0,0,0,0,1,0,0,0,0,0,0,0,32.40329692483821
225,0,0,0,0,0,0,0,0,0,0,0,0.5110100000000001,0,0,0,0,0,0.6020300000000001,0,0,0,0,0,0,0,0,0,0,0,0,0,0,0,0,0,0,1,0,0,0,0,0,1,0,0,0,0,0,0,0,32.40329692483821
226,0,0,0,0,0,0,0,0,0,0,0,0.2297,0,0,0,0,0,1.1345,0,0,0,0,0,0,0,0,0,0,0,0,0,0,0,0,0,0,1,0,0,0,0,0,1,0,0,0,0,0,0,0,32.40329692483821
227,0,0,0,0,0,0,0,0,0,0,0,0.28761,0,0,0,0,0,0.84316,0,0,0,0,0,0,0,0,0,0,0,0,0,0,0,0,0,0,1,0,0,0,0,0,1,0,0,0,0,0,0,0,32.40329692483821
228,0,0,0,0,0,0,0,0,0,0,0,0.44823,0,0,0,0,0,0.9900700000000001,0,0,0,0,0,0,0,0,0,0,0,0,0,0,0,0,0,0,1,0,0,0,0,0,1,0,0,0,0,0,0,0,32.40329692483821
229,0,0,0,0,0,0,0,0,0,0,0,0.41672,0,0,0,0,0,0.99161,0,0,0,0,0,0,0,0,0,0,0,0,0,0,0,0,0,0,1,0,0,0,0,0,1,0,0,0,0,0,0,0,32.40329692483821
230,0,0,0,0,0,0,0,0,0,0,0,0.44326000000000004,0,0,0,0,0,1.0957,0,0,0,0,0,0,0,0,0,0,0,0,0,0,0,0,0,0,1,0,0,0,0,0,1,0,0,0,0,0,0,0,32.40329692483821
231,0,0,0,0,0,0,0,0,0,0,0,0.17267000000000002,0,0,0,0,0,1.0971,0,0,0,0,0,0,0,0,0,0,0,0,0,0,0,0,0,0,1,0,0,0,0,0,1,0,0,0,0,0,0,0,32.40329692483821
232,0,0,0,0,0,0,0,0,0,0,0,0.37435,0,0,0,0,0,0.86346,0,0,0,0,0,0,0,0,0,0,0,0,0,0,0,0,0,0,1,0,0,0,0,0,1,0,0,0,0,0,0,0,32.40329692483821
233,0,0,0,0,0,0,0,0,0,0,0,0.51761,0,0,0,0,0,1.037,0,0,0,0,0,0,0,0,0,0,0,0,0,0,0,0,0,0,1,0,0,0,0,0,1,0,0,0,0,0,0,0,32.40329692483821
234,0,0,0,0,0,0,0,0,0,0,0,0.29744,0,0,0,0,0,0.80608,0,0,0,0,0,0,0,0,0,0,0,0,0,0,0,0,0,0,1,0,0,0,0,0,1,0,0,0,0,0,0,0,32.40329692483821
235,0,0,0,0,0,0,0,0,0,0,0,0.0048348,0,0,0,0,0,1.0295,0,0,0,0,0,0,0,0,0,0,0,0,0,0,0,0,0,0,1,0,0,0,0,0,1,0,0,0,0,0,0,0,32.40329692483821
236,0,0,0,0,0,0,0,0,0,0,0,0.52456,0,0,0,0,0,0.9768399999999999,0,0,0,0,0,0,0,0,0,0,0,0,0,0,0,0,0,0,1,0,0,0,0,0,1,0,0,0,0,0,0,0,32.40329692483821
237,0,0,0,0,0,0,0,0,0,0,0,0.53675,0,0,0,0,0,0.92704,0,0,0,0,0,0,0,0,0,0,0,0,0,0,0,0,0,0,1,0,0,0,0,0,1,0,0,0,0,0,0,0,32.40329692483821
238,0,0,0,0,0,0,0,0,0,0,0,0.35093,0,0,0,0,0,0.8137,0,0,0,0,0,0,0,0,0,0,0,0,0,0,0,0,0,0,1,0,0,0,0,0,1,0,0,0,0,0,0,0,32.40329692483821
239,0,0,0,0,0,0,0,0,0,0,0,0.19094,0,0,0,0,0,1.0683,0,0,0,0,0,0,0,0,0,0,0,0,0,0,0,0,0,0,1,0,0,0,0,0,1,0,0,0,0,0,0,0,32.40329692483821
240,0,0,0,0,0,0,0,0,0,0,0,0.29791,0,0,0,0,0,0.9935200000000001,0,0,0,0,0,0,0,0,0,0,0,0,0,0,0,0,0,0,1,0,0,0,0,0,1,0,0,0,0,0,0,0,32.40329692483821
241,0,0,0,0,0,0,0,0,0,0,0,0.17729,0,0,0,0,0,0.9281799999999999,0,0,0,0,0,0,0,0,0,0,0,0,0,0,0,0,0,0,1,0,0,0,0,0,1,0,0,0,0,0,0,0,32.40329692483821
242,0,0,0,0,0,0,0,0,0,0,0,0.55603,0,0,0,0,0,1.1627,0,0,0,0,0,0,0,0,0,0,0,0,0,0,0,0,0,0,1,0,0,0,0,0,1,0,0,0,0,0,0,0,32.40329692483821
243,0,0,0,0,0,0,0,0,0,0,0,0.50854,0,0,0,0,0,1.0635,0,0,0,0,0,0,0,0,0,0,0,0,0,0,0,0,0,0,1,0,0,0,0,0,1,0,0,0,0,0,0,0,32.40329692483821
244,0,0,0,0,0,0,0,0,0,0,0,0.23001,0,0,0,0,0,1.107,0,0,0,0,0,0,0,0,0,0,0,0,0,0,0,0,0,0,1,0,0,0,0,0,1,0,0,0,0,0,0,0,32.40329692483821
245,0,0,0,0,0,0,0,0,0,0,0,0.43732,0,0,0,0,0,1.0223,0,0,0,0,0,0,0,0,0,0,0,0,0,0,0,0,0,0,1,0,0,0,0,0,1,0,0,0,0,0,0,0,32.40329692483821
246,0,0,0,0,0,0,0,0,0,0,0,0.22375,0,0,0,0,0,1.3086,0,0,0,0,0,0,0,0,0,0,0,0,0,0,0,0,0,0,1,0,0,0,0,0,1,0,0,0,0,0,0,0,32.40329692483821
247,0,0,0,0,0,0,0,0,0,0,0,0.19271,0,0,0,0,0,1.0379,0,0,0,0,0,0,0,0,0,0,0,0,0,0,0,0,0,0,1,0,0,0,0,0,1,0,0,0,0,0,0,0,32.40329692483821
248,0,0,0,0,0,0,0,0,0,0,0,0.26794,0,0,0,0,0,1.1104,0,0,0,0,0,0,0,0,0,0,0,0,0,0,0,0,0,0,1,0,0,0,0,0,1,0,0,0,0,0,0,0,32.40329692483821
249,0,0,0,0,0,0,0,0,0,0,0,0.21335,0,0,0,0,0,1.1777,0,0,0,0,0,0,0,0,0,0,0,0,0,0,0,0,0,0,1,0,0,0,0,0,1,0,0,0,0,0,0,0,32.40329692483821
250,0,0,0,0,0,0,0,0,0,0,0,0.55448,0,0,0,0,0,0.9626600000000001,0,0,0,0,0,0,0,0,0,0,0,0,0,0,0,0,0,0,1,0,0,0,0,0,1,0,0,0,0,0,0,0,32.40329692483821
251,0,0,0,0,0,0,0,0,0,0,0,0.36017,0,0,0,0,0,1.227,0,0,0,0,0,0,0,0,0,0,0,0,0,0,0,0,0,0,1,0,0,0,0,0,1,0,0,0,0,0,0,0,32.40329692483821
252,0,0,0,0,0,0,0,0,0,0,0,0.4383,0,0,0,0,0,1.1008,0,0,0,0,0,0,0,0,0,0,0,0,0,0,0,0,0,0,1,0,0,0,0,0,1,0,0,0,0,0,0,0,32.40329692483821
253,0,0,0,0,0,0,0,0,0,0,0,0.31709,0,0,0,0,0,0.88589,0,0,0,0,0,0,0,0,0,0,0,0,0,0,0,0,0,0,1,0,0,0,0,0,1,0,0,0,0,0,0,0,32.40329692483821
254,0,0,0,0,0,0,0,0,0,0,0,0.24356999999999998,0,0,0,0,0,1.1075,0,0,0,0,0,0,0,0,0,0,0,0,0,0,0,0,0,0,1,0,0,0,0,0,1,0,0,0,0,0,0,0,32.40329692483821
255,0,0,0,0,0,0,0,0,0,0,0,0.10182999999999999,0,0,0,0,0,1.1808,0,0,0,0,0,0,0,0,0,0,0,0,0,0,0,0,0,0,1,0,0,0,0,0,1,0,0,0,0,0,0,0,32.40329692483821
256,0,0,0,0,0,0,0,0,0,0,0,0.2635,0,0,0,0,0,1.0008,0,0,0,0,0,0,0,0,0,0,0,0,0,0,0,0,0,0,1,0,0,0,0,0,1,0,0,0,0,0,0,0,32.40329692483821
257,0,0,0,0,0,0,0,0,0,0,0,0.34665999999999997,0,0,0,0,0,1.0415,0,0,0,0,0,0,0,0,0,0,0,0,0,0,0,0,0,0,1,0,0,0,0,0,1,0,0,0,0,0,0,0,32.40329692483821
258,0,0,0,0,0,0,0,0,0,0,0,0.47045,0,0,0,0,0,1.1087,0,0,0,0,0,0,0,0,0,0,0,0,0,0,0,0,0,0,1,0,0,0,0,0,1,0,0,0,0,0,0,0,32.40329692483821
259,0,0,0,0,0,0,0,0,0,0,0,0.36348,0,0,0,0,0,0.8907299999999999,0,0,0,0,0,0,0,0,0,0,0,0,0,0,0,0,0,0,1,0,0,0,0,0,1,0,0,0,0,0,0,0,32.40329692483821
260,0,0,0,0,0,0,0,0,0,0,0,0.29875999999999997,0,0,0,0,0,1.0524,0,0,0,0,0,0,0,0,0,0,0,0,0,0,0,0,0,0,1,0,0,0,0,0,1,0,0,0,0,0,0,0,32.40329692483821
261,0,0,0,0,0,0,0,0,0,0,0,0.5587300000000001,0,0,0,0,0,0.70035,0,0,0,0,0,0,0,0,0,0,0,0,0,0,0,0,0,0,1,0,0,0,0,0,1,0,0,0,0,0,0,0,32.40329692483821
262,0,0,0,0,0,0,0,0,0,0,0,0.25321,0,0,0,0,0,1.1186,0,0,0,0,0,0,0,0,0,0,0,0,0,0,0,0,0,0,1,0,0,0,0,0,1,0,0,0,0,0,0,0,32.40329692483821
263,0,0,0,0,0,0,0,0,0,0,0,0.5172899999999999,0,0,0,0,0,0.9002,0,0,0,0,0,0,0,0,0,0,0,0,0,0,0,0,0,0,1,0,0,0,0,0,1,0,0,0,0,0,0,0,32.40329692483821
264,0,0,0,0,0,0,0,0,0,0,0,0.20973000000000003,0,0,0,0,0,1.1511,0,0,0,0,0,0,0,0,0,0,0,0,0,0,0,0,0,0,1,0,0,0,0,0,1,0,0,0,0,0,0,0,32.40329692483821
265,0,0,0,0,0,0,0,0,0,0,0,0.28754,0,0,0,0,0,0.9975700000000001,0,0,0,0,0,0,0,0,0,0,0,0,0,0,0,0,0,0,1,0,0,0,0,0,1,0,0,0,0,0,0,0,32.40329692483821
266,0,0,0,0,0,0,0,0,0,0,0,0.079777,0,0,0,0,0,0.95811,0,0,0,0,0,0,0,0,0,0,0,0,0,0,0,0,0,0,1,0,0,0,0,0,1,0,0,0,0,0,0,0,32.40329692483821
267,0,0,0,0,0,0,0,0,0,0,0,0.2393,0,0,0,0,0,0.98764,0,0,0,0,0,0,0,0,0,0,0,0,0,0,0,0,0,0,1,0,0,0,0,0,1,0,0,0,0,0,0,0,32.40329692483821
268,0,0,0,0,0,0,0,0,0,0,0,0.46748,0,0,0,0,0,0.9944299999999999,0,0,0,0,0,0,0,0,0,0,0,0,0,0,0,0,0,0,1,0,0,0,0,0,1,0,0,0,0,0,0,0,32.40329692483821
269,0,0,0,0,0,0,0,0,0,0,0,0.19182000000000002,0,0,0,0,0,0.92412,0,0,0,0,0,0,0,0,0,0,0,0,0,0,0,0,0,0,1,0,0,0,0,0,1,0,0,0,0,0,0,0,32.40329692483821
270,0,0,0,0,0,0,0,0,0,0,0,0.048978,0,0,0,0,0,1.0122,0,0,0,0,0,0,0,0,0,0,0,0,0,0,0,0,0,0,1,0,0,0,0,0,1,0,0,0,0,0,0,0,32.40329692483821
271,0,0,0,0,0,0,0,0,0,0,0,0.35219,0,0,0,0,0,1.1852,0,0,0,0,0,0,0,0,0,0,0,0,0,0,0,0,0,0,1,0,0,0,0,0,1,0,0,0,0,0,0,0,32.40329692483821
272,0,0,0,0,0,0,0,0,0,0,0,0.30491999999999997,0,0,0,0,0,1.0935,0,0,0,0,0,0,0,0,0,0,0,0,0,0,0,0,0,0,1,0,0,0,0,0,1,0,0,0,0,0,0,0,32.40329692483821
273,0,0,0,0,0,0,0,0,0,0,0,0.23274,0,0,0,0,0,0.96754,0,0,0,0,0,0,0,0,0,0,0,0,0,0,0,0,0,0,1,0,0,0,0,0,1,0,0,0,0,0,0,0,32.40329692483821
274,0,0,0,0,0,0,0,0,0,0,0,0.21194000000000002,0,0,0,0,0,1.0992,0,0,0,0,0,0,0,0,0,0,0,0,0,0,0,0,0,0,1,0,0,0,0,0,1,0,0,0,0,0,0,0,32.40329692483821
275,0,0,0,0,0,0,0,0,0,0,0,0.30846,0,0,0,0,0,1.1351,0,0,0,0,0,0,0,0,0,0,0,0,0,0,0,0,0,0,1,0,0,0,0,0,1,0,0,0,0,0,0,0,32.40329692483821
276,0,0,0,0,0,0,0,0,0,0,0,0.51459,0,0,0,0,0,0.81219,0,0,0,0,0,0,0,0,0,0,0,0,0,0,0,0,0,0,1,0,0,0,0,0,1,0,0,0,0,0,0,0,32.40329692483821
277,0,0,0,0,0,0,0,0,0,0,0,0.32,0,0,0,0,0,1.0268,0,0,0,0,0,0,0,0,0,0,0,0,0,0,0,0,0,0,1,0,0,0,0,0,1,0,0,0,0,0,0,0,32.40329692483821
278,0,0,0,0,0,0,0,0,0,0,0,0.55996,0,0,0,0,0,1.0279,0,0,0,0,0,0,0,0,0,0,0,0,0,0,0,0,0,0,1,0,0,0,0,0,1,0,0,0,0,0,0,0,32.40329692483821
279,0,0,0,0,0,0,0,0,0,0,0,0.57935,0,0,0,0,0,0.97401,0,0,0,0,0,0,0,0,0,0,0,0,0,0,0,0,0,0,1,0,0,0,0,0,1,0,0,0,0,0,0,0,32.40329692483821
280,0,0,0,0,0,0,0,0,0,0,0,0.52236,0,0,0,0,0,1.1094,0,0,0,0,0,0,0,0,0,0,0,0,0,0,0,0,0,0,1,0,0,0,0,0,1,0,0,0,0,0,0,0,32.40329692483821
281,0,0,0,0,0,0,0,0,0,0,0,0.20553000000000002,0,0,0,0,0,1.0188,0,0,0,0,0,0,0,0,0,0,0,0,0,0,0,0,0,0,1,0,0,0,0,0,1,0,0,0,0,0,0,0,32.40329692483821
282,0,0,0,0,0,0,0,0,0,0,0,0.33355,0,0,0,0,0,1.0351,0,0,0,0,0,0,0,0,0,0,0,0,0,0,0,0,0,0,1,0,0,0,0,0,1,0,0,0,0,0,0,0,32.40329692483821
283,0,0,0,0,0,0,0,0,0,0,0,0.2789,0,0,0,0,0,1.0986,0,0,0,0,0,0,0,0,0,0,0,0,0,0,0,0,0,0,1,0,0,0,0,0,1,0,0,0,0,0,0,0,32.40329692483821
284,0,0,0,0,0,0,0,0,0,0,0,0.28562,0,0,0,0,0,1.1486,0,0,0,0,0,0,0,0,0,0,0,0,0,0,0,0,0,0,1,0,0,0,0,0,1,0,0,0,0,0,0,0,32.40329692483821
285,0,0,0,0,0,0,0,0,0,0,0,0.3864,0,0,0,0,0,1.0659,0,0,0,0,0,0,0,0,0,0,0,0,0,0,0,0,0,0,1,0,0,0,0,0,1,0,0,0,0,0,0,0,32.40329692483821
286,0,0,0,0,0,0,0,0,0,0,0,3.11e-06,0,0,0,0,0,1.1299,0,0,0,0,0,0,0,0,0,0,0,0,0,0,0,0,0,0,1,0,0,0,0,0,1,0,0,0,0,0,0,0,32.40329692483821
287,0,0,0,0,0,0,0,0,0,0,0,0.27176999999999996,0,0,0,0,0,1.0984,0,0,0,0,0,0,0,0,0,0,0,0,0,0,0,0,0,0,1,0,0,0,0,0,1,0,0,0,0,0,0,0,32.40329692483821
288,0,0,0,0,0,0,0,0,0,0,0,5.8834e-08,0,0,0,0,0,1.016,0,0,0,0,0,0,0,0,0,0,0,0,0,0,0,0,0,0,1,0,0,0,0,0,1,0,0,0,0,0,0,0,32.40329692483821
289,0,0,0,0,0,0,0,0,0,0,0,1.6057e-08,0,0,0,0,0,1.0575,0,0,0,0,0,0,0,0,0,0,0,0,0,0,0,0,0,0,1,0,0,0,0,0,1,0,0,0,0,0,0,0,32.40329692483821
290,0,0,0,0,0,0,0,0,0,0,0,0.21681,0,0,0,0,0,1.1353,0,0,0,0,0,0,0,0,0,0,0,0,0,0,0,0,0,0,1,0,0,0,0,0,1,0,0,0,0,0,0,0,32.40329692483821
291,0,0,0,0,0,0,0,0,0,0,0,0.26566,0,0,0,0,0,1.1078,0,0,0,0,0,0,0,0,0,0,0,0,0,0,0,0,0,0,1,0,0,0,0,0,1,0,0,0,0,0,0,0,32.40329692483821
292,0,0,0,0,0,0,0,0,0,0,0,0.45829,0,0,0,0,0,0.99051,0,0,0,0,0,0,0,0,0,0,0,0,0,0,0,0,0,0,1,0,0,0,0,0,1,0,0,0,0,0,0,0,32.40329692483821
293,0,0,0,0,0,0,0,0,0,0,0,0.19214,0,0,0,0,0,1.1121,0,0,0,0,0,0,0,0,0,0,0,0,0,0,0,0,0,0,1,0,0,0,0,0,1,0,0,0,0,0,0,0,32.40329692483821
294,0,0,0,0,0,0,0,0,0,0,0,0.26807,0,0,0,0,0,1.0423,0,0,0,0,0,0,0,0,0,0,0,0,0,0,0,0,0,0,1,0,0,0,0,0,1,0,0,0,0,0,0,0,32.40329692483821
295,0,0,0,0,0,0,0,0,0,0,0,0.40029000000000003,0,0,0,0,0,0.9699,0,0,0,0,0,0,0,0,0,0,0,0,0,0,0,0,0,0,1,0,0,0,0,0,1,0,0,0,0,0,0,0,32.40329692483821
296,0,0,0,0,0,0,0,0,0,0,0,0.5756399999999999,0,0,0,0,0,0.80097,0,0,0,0,0,0,0,0,0,0,0,0,0,0,0,0,0,0,1,0,0,0,0,0,1,0,0,0,0,0,0,0,32.40329692483821
297,0,0,0,0,0,0,0,0,0,0,0,0.38493,0,0,0,0,0,0.8994,0,0,0,0,0,0,0,0,0,0,0,0,0,0,0,0,0,0,1,0,0,0,0,0,1,0,0,0,0,0,0,0,32.40329692483821
298,0,0,0,0,0,0,0,0,0,0,0,0.34521999999999997,0,0,0,0,0,1.1232,0,0,0,0,0,0,0,0,0,0,0,0,0,0,0,0,0,0,1,0,0,0,0,0,1,0,0,0,0,0,0,0,32.40329692483821
299,0,0,0,0,0,0,0,0,0,0,0,0.36105,0,0,0,0,0,1.0382,0,0,0,0,0,0,0,0,0,0,0,0,0,0,0,0,0,0,1,0,0,0,0,0,1,0,0,0,0,0,0,0,32.40329692483821
300,0,0,0,0,0,0,0,0,0,0,0,0.62981,0,0,0,0,0,0.62533,0,0,0,0,0,0,0,0,0,0,0,0,0,0,0,0,0,0,1,0,0,0,0,0,1,0,0,0,0,0,0,0,32.40329692483821
301,0,0,0,0,0,0,0,0,0,0,0,0.57204,0,0,0,0,0,0.8358,0,0,0,0,0,0,0,0,0,0,0,0,0,0,0,0,0,0,1,0,0,0,0,0,1,0,0,0,0,0,0,0,32.40329692483821
302,0,0,0,0,0,0,0,0,0,0,0,0.0027291,0,0,0,0,0,1.1142,0,0,0,0,0,0,0,0,0,0,0,0,0,0,0,0,0,0,1,0,0,0,0,0,1,0,0,0,0,0,0,0,32.40329692483821
303,0,0,0,0,0,0,0,0,0,0,0,0.64871,0,0,0,0,0,0.80677,0,0,0,0,0,0,0,0,0,0,0,0,0,0,0,0,0,0,1,0,0,0,0,0,1,0,0,0,0,0,0,0,32.40329692483821
304,0,0,0,0,0,0,0,0,0,0,0,0.55993,0,0,0,0,0,0.81433,0,0,0,0,0,0,0,0,0,0,0,0,0,0,0,0,0,0,1,0,0,0,0,0,1,0,0,0,0,0,0,0,32.40329692483821
305,0,0,0,0,0,0,0,0,0,0,0,0.25306999999999996,0,0,0,0,0,1.055,0,0,0,0,0,0,0,0,0,0,0,0,0,0,0,0,0,0,1,0,0,0,0,0,1,0,0,0,0,0,0,0,32.40329692483821
306,0,0,0,0,0,0,0,0,0,0,0,0.067646,0,0,0,0,0,1.0192,0,0,0,0,0,0,0,0,0,0,0,0,0,0,0,0,0,0,1,0,0,0,0,0,1,0,0,0,0,0,0,0,32.40329692483821
307,0,0,0,0,0,0,0,0,0,0,0,0.7054,0,0,0,0,0,0.89746,0,0,0,0,0,0,0,0,0,0,0,0,0,0,0,0,0,0,1,0,0,0,0,0,1,0,0,0,0,0,0,0,32.40329692483821
308,0,0,0,0,0,0,0,0,0,0,0,0.27371999999999996,0,0,0,0,0,1.1287,0,0,0,0,0,0,0,0,0,0,0,0,0,0,0,0,0,0,1,0,0,0,0,0,1,0,0,0,0,0,0,0,32.40329692483821
309,0,0,0,0,0,0,0,0,0,0,0,0.28087,0,0,0,0,0,1.1286,0,0,0,0,0,0,0,0,0,0,0,0,0,0,0,0,0,0,1,0,0,0,0,0,1,0,0,0,0,0,0,0,32.40329692483821
310,0,0,0,0,0,0,0,0,0,0,0,0.37115,0,0,0,0,0,1.1251,0,0,0,0,0,0,0,0,0,0,0,0,0,0,0,0,0,0,1,0,0,0,0,0,1,0,0,0,0,0,0,0,32.40329692483821
311,0,0,0,0,0,0,0,0,0,0,0,0.59011,0,0,0,0,0,0.96575,0,0,0,0,0,0,0,0,0,0,0,0,0,0,0,0,0,0,1,0,0,0,0,0,1,0,0,0,0,0,0,0,32.40329692483821
312,0,0,0,0,0,0,0,0,0,0,0,0.5029399999999999,0,0,0,0,0,0.8584200000000001,0,0,0,0,0,0,0,0,0,0,0,0,0,0,0,0,0,0,1,0,0,0,0,0,1,0,0,0,0,0,0,0,32.40329692483821
313,0,0,0,0,0,0,0,0,0,0,0,0.15872,0,0,0,0,0,1.2658,0,0,0,0,0,0,0,0,0,0,0,0,0,0,0,0,0,0,1,0,0,0,0,0,1,0,0,0,0,0,0,0,32.40329692483821
314,0,0,0,0,0,0,0,0,0,0,0,0.15561,0,0,0,0,0,1.001,0,0,0,0,0,0,0,0,0,0,0,0,0,0,0,0,0,0,1,0,0,0,0,0,1,0,0,0,0,0,0,0,32.40329692483821
315,0,0,0,0,0,0,0,0,0,0,0,0.55466,0,0,0,0,0,1.0638,0,0,0,0,0,0,0,0,0,0,0,0,0,0,0,0,0,0,1,0,0,0,0,0,1,0,0,0,0,0,0,0,32.40329692483821
316,0,0,0,0,0,0,0,0,0,0,0,0.39982,0,0,0,0,0,1.0749,0,0,0,0,0,0,0,0,0,0,0,0,0,0,0,0,0,0,1,0,0,0,0,0,1,0,0,0,0,0,0,0,32.40329692483821
317,0,0,0,0,0,0,0,0,0,0,0,0.5957600000000001,0,0,0,0,0,0.6896899999999999,0,0,0,0,0,0,0,0,0,0,0,0,0,0,0,0,0,0,1,0,0,0,0,0,1,0,0,0,0,0,0,0,32.40329692483821
318,0,0,0,0,0,0,0,0,0,0,0,0.21628000000000003,0,0,0,0,0,1.1914,0,0,0,0,0,0,0,0,0,0,0,0,0,0,0,0,0,0,1,0,0,0,0,0,1,0,0,0,0,0,0,0,32.40329692483821
319,0,0,0,0,0,0,0,0,0,0,0,0.34405,0,0,0,0,0,1.0203,0,0,0,0,0,0,0,0,0,0,0,0,0,0,0,0,0,0,1,0,0,0,0,0,1,0,0,0,0,0,0,0,32.40329692483821
320,0,0,0,0,0,0,0,0,0,0,0,0.38161,0,0,0,0,0,1.0241,0,0,0,0,0,0,0,0,0,0,0,0,0,0,0,0,0,0,1,0,0,0,0,0,1,0,0,0,0,0,0,0,32.40329692483821
321,0,0,0,0,0,0,0,0,0,0,0,0.28118000000000004,0,0,0,0,0,1.1658,0,0,0,0,0,0,0,0,0,0,0,0,0,0,0,0,0,0,1,0,0,0,0,0,1,0,0,0,0,0,0,0,32.40329692483821
322,0,0,0,0,0,0,0,0,0,0,0,0.41626,0,0,0,0,0,0.9576899999999999,0,0,0,0,0,0,0,0,0,0,0,0,0,0,0,0,0,0,1,0,0,0,0,0,1,0,0,0,0,0,0,0,32.40329692483821
323,0,0,0,0,0,0,0,0,0,0,0,0.068255,0,0,0,0,0,1.1734,0,0,0,0,0,0,0,0,0,0,0,0,0,0,0,0,0,0,1,0,0,0,0,0,1,0,0,0,0,0,0,0,32.40329692483821
324,0,0,0,0,0,0,0,0,0,0,0,0.30280999999999997,0,0,0,0,0,1.0615,0,0,0,0,0,0,0,0,0,0,0,0,0,0,0,0,0,0,1,0,0,0,0,0,1,0,0,0,0,0,0,0,32.40329692483821
325,0,0,0,0,0,0,0,0,0,0,0,0.27391,0,0,0,0,0,1.0647,0,0,0,0,0,0,0,0,0,0,0,0,0,0,0,0,0,0,1,0,0,0,0,0,1,0,0,0,0,0,0,0,32.40329692483821
326,0,0,0,0,0,0,0,0,0,0,0,0.17890999999999999,0,0,0,0,0,0.97264,0,0,0,0,0,0,0,0,0,0,0,0,0,0,0,0,0,0,1,0,0,0,0,0,1,0,0,0,0,0,0,0,32.40329692483821
327,0,0,0,0,0,0,0,0,0,0,0,0.24565,0,0,0,0,0,0.95811,0,0,0,0,0,0,0,0,0,0,0,0,0,0,0,0,0,0,1,0,0,0,0,0,1,0,0,0,0,0,0,0,32.40329692483821
328,0,0,0,0,0,0,0,0,0,0,0,0.52285,0,0,0,0,0,1.1746,0,0,0,0,0,0,0,0,0,0,0,0,0,0,0,0,0,0,1,0,0,0,0,0,1,0,0,0,0,0,0,0,32.40329692483821
329,0,0,0,0,0,0,0,0,0,0,0,0.28284000000000004,0,0,0,0,0,1.0731,0,0,0,0,0,0,0,0,0,0,0,0,0,0,0,0,0,0,1,0,0,0,0,0,1,0,0,0,0,0,0,0,32.40329692483821
330,0,0,0,0,0,0,0,0,0,0,0,0.43587,0,0,0,0,0,0.8525799999999999,0,0,0,0,0,0,0,0,0,0,0,0,0,0,0,0,0,0,1,0,0,0,0,0,1,0,0,0,0,0,0,0,32.40329692483821
331,0,0,0,0,0,0,0,0,0,0,0,0.33086,0,0,0,0,0,1.0392,0,0,0,0,0,0,0,0,0,0,0,0,0,0,0,0,0,0,1,0,0,0,0,0,1,0,0,0,0,0,0,0,32.40329692483821
332,0,0,0,0,0,0,0,0,0,0,0,0.33386,0,0,0,0,0,0.9548700000000001,0,0,0,0,0,0,0,0,0,0,0,0,0,0,0,0,0,0,1,0,0,0,0,0,1,0,0,0,0,0,0,0,32.40329692483821
333,0,0,0,0,0,0,0,0,0,0,0,0.17248,0,0,0,0,0,1.1501,0,0,0,0,0,0,0,0,0,0,0,0,0,0,0,0,0,0,1,0,0,0,0,0,1,0,0,0,0,0,0,0,32.40329692483821
334,0,0,0,0,0,0,0,0,0,0,0,0.2052,0,0,0,0,0,1.1035,0,0,0,0,0,0,0,0,0,0,0,0,0,0,0,0,0,0,1,0,0,0,0,0,1,0,0,0,0,0,0,0,32.40329692483821
335,0,0,0,0,0,0,0,0,0,0,0,5.8666e-08,0,0,0,0,0,1.1041,0,0,0,0,0,0,0,0,0,0,0,0,0,0,0,0,0,0,1,0,0,0,0,0,1,0,0,0,0,0,0,0,32.40329692483821
336,0,0,0,0,0,0,0,0,0,0,0,0.51852,0,0,0,0,0,1.2558,0,0,0,0,0,0,0,0,0,0,0,0,0,0,0,0,0,0,1,0,0,0,0,0,1,0,0,0,0,0,0,0,32.40329692483821
337,0,0,0,0,0,0,0,0,0,0,0,0.30389,0,0,0,0,0,1.2769,0,0,0,0,0,0,0,0,0,0,0,0,0,0,0,0,0,0,1,0,0,0,0,0,1,0,0,0,0,0,0,0,32.40329692483821
338,0,0,0,0,0,0,0,0,0,0,0,0.35552,0,0,0,0,0,0.89692,0,0,0,0,0,0,0,0,0,0,0,0,0,0,0,0,0,0,1,0,0,0,0,0,1,0,0,0,0,0,0,0,32.40329692483821
339,0,0,0,0,0,0,0,0,0,0,0,0.29961,0,0,0,0,0,0.99345,0,0,0,0,0,0,0,0,0,0,0,0,0,0,0,0,0,0,1,0,0,0,0,0,1,0,0,0,0,0,0,0,32.40329692483821
340,0,0,0,0,0,0,0,0,0,0,0,0.14197,0,0,0,0,0,1.1385,0,0,0,0,0,0,0,0,0,0,0,0,0,0,0,0,0,0,1,0,0,0,0,0,1,0,0,0,0,0,0,0,32.40329692483821
341,0,0,0,0,0,0,0,0,0,0,0,0.37308,0,0,0,0,0,1.0125,0,0,0,0,0,0,0,0,0,0,0,0,0,0,0,0,0,0,1,0,0,0,0,0,1,0,0,0,0,0,0,0,32.40329692483821
342,0,0,0,0,0,0,0,0,0,0,0,0.27479000000000003,0,0,0,0,0,1.1367,0,0,0,0,0,0,0,0,0,0,0,0,0,0,0,0,0,0,1,0,0,0,0,0,1,0,0,0,0,0,0,0,32.40329692483821
343,0,0,0,0,0,0,0,0,0,0,0,0.25453000000000003,0,0,0,0,0,1.0935,0,0,0,0,0,0,0,0,0,0,0,0,0,0,0,0,0,0,1,0,0,0,0,0,1,0,0,0,0,0,0,0,32.40329692483821
344,0,0,0,0,0,0,0,0,0,0,0,0.35015999999999997,0,0,0,0,0,0.7810699999999999,0,0,0,0,0,0,0,0,0,0,0,0,0,0,0,0,0,0,1,0,0,0,0,0,1,0,0,0,0,0,0,0,32.40329692483821
345,0,0,0,0,0,0,0,0,0,0,0,0.28611,0,0,0,0,0,1.08,0,0,0,0,0,0,0,0,0,0,0,0,0,0,0,0,0,0,1,0,0,0,0,0,1,0,0,0,0,0,0,0,32.40329692483821
346,0,0,0,0,0,0,0,0,0,0,0,0.42586,0,0,0,0,0,1.1351,0,0,0,0,0,0,0,0,0,0,0,0,0,0,0,0,0,0,1,0,0,0,0,0,1,0,0,0,0,0,0,0,32.40329692483821
347,0,0,0,0,0,0,0,0,0,0,0,2.85e-09,0,0,0,0,0,1.0545,0,0,0,0,0,0,0,0,0,0,0,0,0,0,0,0,0,0,1,0,0,0,0,0,1,0,0,0,0,0,0,0,32.40329692483821
348,0,0,0,0,0,0,0,0,0,0,0,0.14335,0,0,0,0,0,0.883,0,0,0,0,0,0,0,0,0,0,0,0,0,0,0,0,0,0,1,0,0,0,0,0,1,0,0,0,0,0,0,0,32.40329692483821
349,0,0,0,0,0,0,0,0,0,0,0,0.3578,0,0,0,0,0,0.90497,0,0,0,0,0,0,0,0,0,0,0,0,0,0,0,0,0,0,1,0,0,0,0,0,1,0,0,0,0,0,0,0,32.40329692483821
350,0,0,0,0,0,0,0,0,0,0,0,0.4682,0,0,0,0,0,0.88236,0,0,0,0,0,0,0,0,0,0,0,0,0,0,0,0,0,0,1,0,0,0,0,0,1,0,0,0,0,0,0,0,32.40329692483821
351,0,0,0,0,0,0,0,0,0,0,0,0.21315,0,0,0,0,0,0.92225,0,0,0,0,0,0,0,0,0,0,0,0,0,0,0,0,0,0,1,0,0,0,0,0,1,0,0,0,0,0,0,0,32.40329692483821
352,0,0,0,0,0,0,0,0,0,0,0,0.08682899999999999,0,0,0,0,0,1.0731,0,0,0,0,0,0,0,0,0,0,0,0,0,0,0,0,0,0,1,0,0,0,0,0,1,0,0,0,0,0,0,0,32.40329692483821
353,0,0,0,0,0,0,0,0,0,0,0,0.22311,0,0,0,0,0,1.2086,0,0,0,0,0,0,0,0,0,0,0,0,0,0,0,0,0,0,1,0,0,0,0,0,1,0,0,0,0,0,0,0,32.40329692483821
354,0,0,0,0,0,0,0,0,0,0,0,6.711599999999999e-06,0,0,0,0,0,0.9765799999999999,0,0,0,0,0,0,0,0,0,0,0,0,0,0,0,0,0,0,1,0,0,0,0,0,1,0,0,0,0,0,0,0,32.40329692483821
355,0,0,0,0,0,0,0,0,0,0,0,0.53743,0,0,0,0,0,0.74498,0,0,0,0,0,0,0,0,0,0,0,0,0,0,0,0,0,0,1,0,0,0,0,0,1,0,0,0,0,0,0,0,32.40329692483821
356,0,0,0,0,0,0,0,0,0,0,0,0.24668,0,0,0,0,0,1.0283,0,0,0,0,0,0,0,0,0,0,0,0,0,0,0,0,0,0,1,0,0,0,0,0,1,0,0,0,0,0,0,0,32.40329692483821
357,0,0,0,0,0,0,0,0,0,0,0,0.34619,0,0,0,0,0,1.1534,0,0,0,0,0,0,0,0,0,0,0,0,0,0,0,0,0,0,1,0,0,0,0,0,1,0,0,0,0,0,0,0,32.40329692483821
358,0,0,0,0,0,0,0,0,0,0,0,0.1684,0,0,0,0,0,0.96119,0,0,0,0,0,0,0,0,0,0,0,0,0,0,0,0,0,0,1,0,0,0,0,0,1,0,0,0,0,0,0,0,32.40329692483821
359,0,0,0,0,0,0,0,0,0,0,0,0.5391199999999999,0,0,0,0,0,1.0351,0,0,0,0,0,0,0,0,0,0,0,0,0,0,0,0,0,0,1,0,0,0,0,0,1,0,0,0,0,0,0,0,32.40329692483821
360,0,0,0,0,0,0,0,0,0,0,0,0.27018000000000003,0,0,0,0,0,1.0409,0,0,0,0,0,0,0,0,0,0,0,0,0,0,0,0,0,0,1,0,0,0,0,0,1,0,0,0,0,0,0,0,32.40329692483821
361,0,0,0,0,0,0,0,0,0,0,0,0.32746,0,0,0,0,0,1.0523,0,0,0,0,0,0,0,0,0,0,0,0,0,0,0,0,0,0,1,0,0,0,0,0,1,0,0,0,0,0,0,0,32.40329692483821
362,0,0,0,0,0,0,0,0,0,0,0,0.15328,0,0,0,0,0,1.0589,0,0,0,0,0,0,0,0,0,0,0,0,0,0,0,0,0,0,1,0,0,0,0,0,1,0,0,0,0,0,0,0,32.40329692483821
363,0,0,0,0,0,0,0,0,0,0,0,0.28395,0,0,0,0,0,0.80816,0,0,0,0,0,0,0,0,0,0,0,0,0,0,0,0,0,0,1,0,0,0,0,0,1,0,0,0,0,0,0,0,32.40329692483821
364,0,0,0,0,0,0,0,0,0,0,0,0.27813000000000004,0,0,0,0,0,1.003,0,0,0,0,0,0,0,0,0,0,0,0,0,0,0,0,0,0,1,0,0,0,0,0,1,0,0,0,0,0,0,0,32.40329692483821
365,0,0,0,0,0,0,0,0,0,0,0,0.22939,0,0,0,0,0,1.07,0,0,0,0,0,0,0,0,0,0,0,0,0,0,0,0,0,0,1,0,0,0,0,0,1,0,0,0,0,0,0,0,32.40329692483821
366,0,0,0,0,0,0,0,0,0,0,0,0.59336,0,0,0,0,0,0.99225,0,0,0,0,0,0,0,0,0,0,0,0,0,0,0,0,0,0,1,0,0,0,0,0,1,0,0,0,0,0,0,0,32.40329692483821
367,0,0,0,0,0,0,0,0,0,0,0,0.45447,0,0,0,0,0,0.88697,0,0,0,0,0,0,0,0,0,0,0,0,0,0,0,0,0,0,1,0,0,0,0,0,1,0,0,0,0,0,0,0,32.40329692483821
368,0,0,0,0,0,0,0,0,0,0,0,0.35213,0,0,0,0,0,0.9937299999999999,0,0,0,0,0,0,0,0,0,0,0,0,0,0,0,0,0,0,1,0,0,0,0,0,1,0,0,0,0,0,0,0,32.40329692483821
369,0,0,0,0,0,0,0,0,0,0,0,0.38775,0,0,0,0,0,0.86561,0,0,0,0,0,0,0,0,0,0,0,0,0,0,0,0,0,0,1,0,0,0,0,0,1,0,0,0,0,0,0,0,32.40329692483821
370,0,0,0,0,0,0,0,0,0,0,0,0.23711,0,0,0,0,0,1.0357,0,0,0,0,0,0,0,0,0,0,0,0,0,0,0,0,0,0,1,0,0,0,0,0,1,0,0,0,0,0,0,0,32.40329692483821
371,0,0,0,0,0,0,0,0,0,0,0,0.25427,0,0,0,0,0,1.0627,0,0,0,0,0,0,0,0,0,0,0,0,0,0,0,0,0,0,1,0,0,0,0,0,1,0,0,0,0,0,0,0,32.40329692483821
372,0,0,0,0,0,0,0,0,0,0,0,0.69125,0,0,0,0,0,0.83806,0,0,0,0,0,0,0,0,0,0,0,0,0,0,0,0,0,0,1,0,0,0,0,0,1,0,0,0,0,0,0,0,32.40329692483821
373,0,0,0,0,0,0,0,0,0,0,0,0.27125,0,0,0,0,0,1.1283,0,0,0,0,0,0,0,0,0,0,0,0,0,0,0,0,0,0,1,0,0,0,0,0,1,0,0,0,0,0,0,0,32.40329692483821
374,0,0,0,0,0,0,0,0,0,0,0,0.38315,0,0,0,0,0,0.93358,0,0,0,0,0,0,0,0,0,0,0,0,0,0,0,0,0,0,1,0,0,0,0,0,1,0,0,0,0,0,0,0,32.40329692483821
375,0,0,0,0,0,0,0,0,0,0,0,0.30186999999999997,0,0,0,0,0,0.9279700000000001,0,0,0,0,0,0,0,0,0,0,0,0,0,0,0,0,0,0,1,0,0,0,0,0,1,0,0,0,0,0,0,0,32.40329692483821
376,0,0,0,0,0,0,0,0,0,0,0,0.68098,0,0,0,0,0,0.67418,0,0,0,0,0,0,0,0,0,0,0,0,0,0,0,0,0,0,1,0,0,0,0,0,1,0,0,0,0,0,0,0,32.40329692483821
377,0,0,0,0,0,0,0,0,0,0,0,0.21239,0,0,0,0,0,0.8339,0,0,0,0,0,0,0,0,0,0,0,0,0,0,0,0,0,0,1,0,0,0,0,0,1,0,0,0,0,0,0,0,32.40329692483821
378,0,0,0,0,0,0,0,0,0,0,0,0.43696999999999997,0,0,0,0,0,1.0501,0,0,0,0,0,0,0,0,0,0,0,0,0,0,0,0,0,0,1,0,0,0,0,0,1,0,0,0,0,0,0,0,32.40329692483821
379,0,0,0,0,0,0,0,0,0,0,0,0.09058300000000001,0,0,0,0,0,0.9719399999999999,0,0,0,0,0,0,0,0,0,0,0,0,0,0,0,0,0,0,1,0,0,0,0,0,1,0,0,0,0,0,0,0,32.40329692483821
380,0,0,0,0,0,0,0,0,0,0,0,0.16247999999999999,0,0,0,0,0,1.0421,0,0,0,0,0,0,0,0,0,0,0,0,0,0,0,0,0,0,1,0,0,0,0,0,1,0,0,0,0,0,0,0,32.40329692483821
381,0,0,0,0,0,0,0,0,0,0,0,0.5113,0,0,0,0,0,0.9645299999999999,0,0,0,0,0,0,0,0,0,0,0,0,0,0,0,0,0,0,1,0,0,0,0,0,1,0,0,0,0,0,0,0,32.40329692483821
382,0,0,0,0,0,0,0,0,0,0,0,0.089917,0,0,0,0,0,1.1768,0,0,0,0,0,0,0,0,0,0,0,0,0,0,0,0,0,0,1,0,0,0,0,0,1,0,0,0,0,0,0,0,32.40329692483821
383,0,0,0,0,0,0,0,0,0,0,0,0.11484000000000001,0,0,0,0,0,1.1413,0,0,0,0,0,0,0,0,0,0,0,0,0,0,0,0,0,0,1,0,0,0,0,0,1,0,0,0,0,0,0,0,32.40329692483821
384,0,0,0,0,0,0,0,0,0,0,0,0.15116,0,0,0,0,0,1.0567,0,0,0,0,0,0,0,0,0,0,0,0,0,0,0,0,0,0,1,0,0,0,0,0,1,0,0,0,0,0,0,0,32.40329692483821
385,0,0,0,0,0,0,0,0,0,0,0,0.47123999999999994,0,0,0,0,0,1.1096,0,0,0,0,0,0,0,0,0,0,0,0,0,0,0,0,0,0,1,0,0,0,0,0,1,0,0,0,0,0,0,0,32.40329692483821
386,0,0,0,0,0,0,0,0,0,0,0,0.42157,0,0,0,0,0,0.95439,0,0,0,0,0,0,0,0,0,0,0,0,0,0,0,0,0,0,1,0,0,0,0,0,1,0,0,0,0,0,0,0,32.40329692483821
387,0,0,0,0,0,0,0,0,0,0,0,0.16465,0,0,0,0,0,1.0949,0,0,0,0,0,0,0,0,0,0,0,0,0,0,0,0,0,0,1,0,0,0,0,0,1,0,0,0,0,0,0,0,32.40329692483821
388,0,0,0,0,0,0,0,0,0,0,0,0.44301,0,0,0,0,0,0.8649600000000001,0,0,0,0,0,0,0,0,0,0,0,0,0,0,0,0,0,0,1,0,0,0,0,0,1,0,0,0,0,0,0,0,32.40329692483821
389,0,0,0,0,0,0,0,0,0,0,0,0.248,0,0,0,0,0,1.173,0,0,0,0,0,0,0,0,0,0,0,0,0,0,0,0,0,0,1,0,0,0,0,0,1,0,0,0,0,0,0,0,32.40329692483821
390,0,0,0,0,0,0,0,0,0,0,0,0.42795,0,0,0,0,0,0.95416,0,0,0,0,0,0,0,0,0,0,0,0,0,0,0,0,0,0,1,0,0,0,0,0,1,0,0,0,0,0,0,0,32.40329692483821
391,0,0,0,0,0,0,0,0,0,0,0,0.27275,0,0,0,0,0,0.8968799999999999,0,0,0,0,0,0,0,0,0,0,0,0,0,0,0,0,0,0,1,0,0,0,0,0,1,0,0,0,0,0,0,0,32.40329692483821
392,0,0,0,0,0,0,0,0,0,0,0,0.32461,0,0,0,0,0,0.93304,0,0,0,0,0,0,0,0,0,0,0,0,0,0,0,0,0,0,1,0,0,0,0,0,1,0,0,0,0,0,0,0,32.40329692483821
393,0,0,0,0,0,0,0,0,0,0,0,0.3253,0,0,0,0,0,1.0772,0,0,0,0,0,0,0,0,0,0,0,0,0,0,0,0,0,0,1,0,0,0,0,0,1,0,0,0,0,0,0,0,32.40329692483821
394,0,0,0,0,0,0,0,0,0,0,0,0.26498,0,0,0,0,0,1.0543,0,0,0,0,0,0,0,0,0,0,0,0,0,0,0,0,0,0,1,0,0,0,0,0,1,0,0,0,0,0,0,0,32.40329692483821
395,0,0,0,0,0,0,0,0,0,0,0,0.28356,0,0,0,0,0,1.0247,0,0,0,0,0,0,0,0,0,0,0,0,0,0,0,0,0,0,1,0,0,0,0,0,1,0,0,0,0,0,0,0,32.40329692483821
396,0,0,0,0,0,0,0,0,0,0,0,0.21857,0,0,0,0,0,0.9918,0,0,0,0,0,0,0,0,0,0,0,0,0,0,0,0,0,0,1,0,0,0,0,0,1,0,0,0,0,0,0,0,32.40329692483821
397,0,0,0,0,0,0,0,0,0,0,0,0.39274000000000003,0,0,0,0,0,1.1213,0,0,0,0,0,0,0,0,0,0,0,0,0,0,0,0,0,0,1,0,0,0,0,0,1,0,0,0,0,0,0,0,32.40329692483821
398,0,0,0,0,0,0,0,0,0,0,0,0.69531,0,0,0,0,0,1.008,0,0,0,0,0,0,0,0,0,0,0,0,0,0,0,0,0,0,1,0,0,0,0,0,1,0,0,0,0,0,0,0,32.40329692483821
399,0,0,0,0,0,0,0,0,0,0,0,0.33851,0,0,0,0,0,1.0743,0,0,0,0,0,0,0,0,0,0,0,0,0,0,0,0,0,0,1,0,0,0,0,0,1,0,0,0,0,0,0,0,32.40329692483821
400,0,0,0,0,0,0,0,0,0,0,0,0.35375,0,0,0,0,0,0.9534,0,0,0,0,0,0,0,0,0,0,0,0,0,0,0,0,0,0,1,0,0,0,0,0,1,0,0,0,0,0,0,0,32.40329692483821
401,0,0,0,0,0,0,0,0,0,0,0,0.24747,0,0,0,0,0,0.9339299999999999,0,0,0,0,0,0,0,0,0,0,0,0,0,0,0,0,0,0,1,0,0,0,0,0,1,0,0,0,0,0,0,0,32.40329692483821
402,0,0,0,0,0,0,0,0,0,0,0,0.24191,0,0,0,0,0,0.9649,0,0,0,0,0,0,0,0,0,0,0,0,0,0,0,0,0,0,1,0,0,0,0,0,1,0,0,0,0,0,0,0,32.40329692483821
403,0,0,0,0,0,0,0,0,0,0,0,0.50271,0,0,0,0,0,1.0317,0,0,0,0,0,0,0,0,0,0,0,0,0,0,0,0,0,0,1,0,0,0,0,0,1,0,0,0,0,0,0,0,32.40329692483821
404,0,0,0,0,0,0,0,0,0,0,0,0.21563000000000002,0,0,0,0,0,1.1436,0,0,0,0,0,0,0,0,0,0,0,0,0,0,0,0,0,0,1,0,0,0,0,0,1,0,0,0,0,0,0,0,32.40329692483821
405,0,0,0,0,0,0,0,0,0,0,0,0.035158999999999996,0,0,0,0,0,1.1526,0,0,0,0,0,0,0,0,0,0,0,0,0,0,0,0,0,0,1,0,0,0,0,0,1,0,0,0,0,0,0,0,32.40329692483821
406,0,0,0,0,0,0,0,0,0,0,0,0.14228,0,0,0,0,0,0.98062,0,0,0,0,0,0,0,0,0,0,0,0,0,0,0,0,0,0,1,0,0,0,0,0,1,0,0,0,0,0,0,0,32.40329692483821
407,0,0,0,0,0,0,0,0,0,0,0,0.23351999999999998,0,0,0,0,0,1.0687,0,0,0,0,0,0,0,0,0,0,0,0,0,0,0,0,0,0,1,0,0,0,0,0,1,0,0,0,0,0,0,0,32.40329692483821
408,0,0,0,0,0,0,0,0,0,0,0,0.27834000000000003,0,0,0,0,0,1.1457,0,0,0,0,0,0,0,0,0,0,0,0,0,0,0,0,0,0,1,0,0,0,0,0,1,0,0,0,0,0,0,0,32.40329692483821
409,0,0,0,0,0,0,0,0,0,0,0,0.49033999999999994,0,0,0,0,0,1.0502,0,0,0,0,0,0,0,0,0,0,0,0,0,0,0,0,0,0,1,0,0,0,0,0,1,0,0,0,0,0,0,0,32.40329692483821
410,0,0,0,0,0,0,0,0,0,0,0,0.1818,0,0,0,0,0,1.099,0,0,0,0,0,0,0,0,0,0,0,0,0,0,0,0,0,0,1,0,0,0,0,0,1,0,0,0,0,0,0,0,32.40329692483821
411,0,0,0,0,0,0,0,0,0,0,0,0.39895,0,0,0,0,0,1.0741,0,0,0,0,0,0,0,0,0,0,0,0,0,0,0,0,0,0,1,0,0,0,0,0,1,0,0,0,0,0,0,0,32.40329692483821
412,0,0,0,0,0,0,0,0,0,0,0,0.36082,0,0,0,0,0,1.0748,0,0,0,0,0,0,0,0,0,0,0,0,0,0,0,0,0,0,1,0,0,0,0,0,1,0,0,0,0,0,0,0,32.40329692483821
413,0,0,0,0,0,0,0,0,0,0,0,0.21764,0,0,0,0,0,0.9904200000000001,0,0,0,0,0,0,0,0,0,0,0,0,0,0,0,0,0,0,1,0,0,0,0,0,1,0,0,0,0,0,0,0,32.40329692483821
