,PC,PJ,BV,BF,BO,BT,BC,BY,BU,DP,BL,BA,BP,CA,EL,FP,CH,AC,BH,CG,ER,RI,CC,DL,DF,Butyrate,PC_Median,PJ_Median,BV_Median,BF_Median,BO_Median,BT_Median,BC_Median,BY_Median,BU_Median,DP_Median,BL_Median,BA_Median,BP_Median,CA_Median,EL_Median,FP_Median,CH_Median,AC_Median,BH_Median,CG_Median,ER_Median,RI_Median,CC_Median,DL_Median,DF_Median,Butyrate_Median,PC_STD,PJ_STD,BV_STD,BF_STD,BO_STD,BT_STD,BC_STD,BY_STD,BU_STD,DP_STD,BL_STD,BA_STD,BP_STD,CA_STD,EL_STD,FP_STD,CH_STD,AC_STD,BH_STD,CG_STD,ER_STD,RI_STD,CC_STD,DL_STD,DF_STD,Butyrate_STD,PC_5Pct,PJ_5Pct,BV_5Pct,BF_5Pct,BO_5Pct,BT_5Pct,BC_5Pct,BY_5Pct,BU_5Pct,DP_5Pct,BL_5Pct,BA_5Pct,BP_5Pct,CA_5Pct,EL_5Pct,FP_5Pct,CH_5Pct,AC_5Pct,BH_5Pct,CG_5Pct,ER_5Pct,RI_5Pct,CC_5Pct,DL_5Pct,DF_5Pct,Butyrate_5Pct,PC_20Pct,PJ_20Pct,BV_20Pct,BF_20Pct,BO_20Pct,BT_20Pct,BC_20Pct,BY_20Pct,BU_20Pct,DP_20Pct,BL_20Pct,BA_20Pct,BP_20Pct,CA_20Pct,EL_20Pct,FP_20Pct,CH_20Pct,AC_20Pct,BH_20Pct,CG_20Pct,ER_20Pct,RI_20Pct,CC_20Pct,DL_20Pct,DF_20Pct,Butyrate_20Pct,PC_80Pct,PJ_80Pct,BV_80Pct,BF_80Pct,BO_80Pct,BT_80Pct,BC_80Pct,BY_80Pct,BU_80Pct,DP_80Pct,BL_80Pct,BA_80Pct,BP_80Pct,CA_80Pct,EL_80Pct,FP_80Pct,CH_80Pct,AC_80Pct,BH_80Pct,CG_80Pct,ER_80Pct,RI_80Pct,CC_80Pct,DL_80Pct,DF_80Pct,Butyrate_80Pct,PC_95Pct,PJ_95Pct,BV_95Pct,BF_95Pct,BO_95Pct,BT_95Pct,BC_95Pct,BY_95Pct,BU_95Pct,DP_95Pct,BL_95Pct,BA_95Pct,BP_95Pct,CA_95Pct,EL_95Pct,FP_95Pct,CH_95Pct,AC_95Pct,BH_95Pct,CG_95Pct,ER_95Pct,RI_95Pct,CC_95Pct,DL_95Pct,DF_95Pct,Butyrate_95Pct,NumSims,Community,NumSpecies
0,0.052295,0.088617,0.091396,0.21278000000000002,0.084367,0.3809,0.35064,0.05128200000000001,0.0,0.027032999999999998,0.12753,0.19008,0.090305,0.039583999999999994,0.037018999999999996,0.027127999999999996,0.09414299999999999,0.25474,0.013249,0.11565999999999999,0.097582,0.017851,0.18767,0.2457,0.018430000000000002,52.975,2.6241000000000003e-14,1.8876e-09,6.864199999999999e-07,2.5559999999999998e-06,1.3794e-08,0.0022767,5.0724e-05,1.1748e-13,0.0,6.2838e-13,2.9745999999999997e-10,3.7666e-05,1.8005e-08,1.8967000000000001e-13,9.7031e-14,5.0381e-19,3.6041999999999996e-09,0.04423,2.5249e-14,1.1775999999999999e-08,6.1498e-08,1.0237e-16,0.00045588,0.0032168,3.2525e-12,54.601000000000006,0.33798,0.37838,0.30268,0.47838,0.35212,0.6715300000000001,0.7669,0.23393000000000003,0.0,0.13121,0.41406000000000004,0.38666,0.27293,0.17057,0.21533000000000002,0.16699999999999998,0.25849,0.38327,0.13072999999999999,0.35949000000000003,0.25759,0.11227000000000001,0.35081999999999997,0.42256000000000005,0.10469,12.339,0.0,0.0,0.0,0.0,0.0,0.0,0.0,0.0,0.0,0.0,0.0,0.0,0.0,0.0,0.0,0.0,0.0,0.0,0.0,0.0,0.0,0.0,0.0,0.0,0.0,25.928,8.9425e-37,1.8511e-30,3.9687e-20,6.476799999999999e-18,1.1324999999999998e-19,6.697300000000001e-14,1.6091999999999998e-16,5.5366e-54,0.0,1.6513999999999997e-43,2.6709e-21,3.6332e-16,2.9998e-19,1.0387e-25,6.7121e-32,0.0,2.8894e-20,5.1423e-10,3.3034e-50,7.0398e-21,4.953500000000001e-26,0.0,5.854300000000001e-13,1.4576e-10,1.104e-28,53.853,2.4013e-08,0.0018872,0.0081712,0.27043,0.00092383,0.8783700000000001,0.44733999999999996,5.2638e-07,0.0,1.1244999999999999e-07,0.011553,0.36808,0.004407,1.8647999999999999e-07,3.8088999999999996e-07,1.0672999999999999e-08,0.020934,0.4963,3.197e-09,0.0040875,0.11139,2.4384000000000002e-08,0.37869,0.50047,1.2393000000000001e-06,56.25899999999999,0.036127,0.48663999999999996,0.6230100000000001,1.1599,0.67176,1.8666,2.2384,0.25682,0.0,0.14123,0.8696200000000001,0.9805299999999999,0.73993,0.31811,0.15588,0.035787,0.73674,1.0552,5.0656000000000004e-05,0.8960100000000001,0.52575,0.03851,0.8713799999999999,1.0318,0.01685,60.979,314,PC-PJ-BV-BF-BO-BT-BC-BY-DP-BL-BA-BP-CA-EL-FP-CH-AC-BH-CG-ER-RI-CC-DL-DF,24.0
1,0.049565,0.080322,0.097447,0.22135,0.085116,0.38628,0.36104,0.041104,0.058289999999999995,0.027114,0.13879,0.19802999999999998,0.08226699999999999,0.041054,0.028962,0.027913999999999998,0.094144,0.26653000000000004,0.016087,0.11868,0.10219,0.010447,0.19162,0.24685,0.0,53.407,1.1259e-12,1.071e-08,9.5665e-07,4.4894e-06,3.0502e-08,0.0026552,8.7472e-05,1.6021000000000002e-11,3.3305e-12,7.1701e-12,2.3474e-09,8.3896e-05,2.2503000000000003e-08,1.0312e-12,2.0231e-12,7.5797e-13,7.52e-09,0.048576,2.9918e-12,1.6338999999999998e-08,1.5645999999999999e-07,2.3502e-12,0.00065048,0.0051516999999999995,0.0,54.653999999999996,0.32315,0.35457,0.33216,0.48783000000000004,0.35641,0.69305,0.74859,0.19375,0.26575,0.13136,0.43013,0.40415999999999996,0.27161,0.17807,0.17845999999999998,0.16787,0.25778,0.38563000000000003,0.12372000000000001,0.35757,0.26466,0.067649,0.36101,0.42388000000000003,0.0,11.204,5.1247e-27,7.953200000000001e-25,1.9968000000000002e-24,1.2899e-22,8.7714e-24,1.1099e-21,1.7655e-22,4.0624e-27,6.557600000000002e-27,1.5369999999999999e-24,5.0139999999999994e-24,4.9263e-22,8.1693e-28,1.6962e-29,4.2993e-26,7.7318e-29,1.0285e-23,1.2277000000000002e-13,1.1520999999999999e-29,4.618899999999999e-23,1.1615999999999998e-21,2.2141999999999997e-28,3.8057e-18,1.6329e-19,0.0,48.475,1.1461e-18,5.607100000000001e-15,1.2127e-14,2.3205999999999997e-13,4.055e-15,1.1297e-11,7.1893e-13,2.0100000000000002e-17,2.4419e-19,1.8175999999999996e-17,7.5173e-17,2.7510000000000003e-12,4.8443e-15,9.2876e-18,1.2916e-17,3.2965000000000006e-19,3.9257e-14,4.261e-08,3.7887999999999994e-18,3.1072e-15,1.8688e-13,3.1269e-18,5.5883e-10,3.0564000000000003e-09,0.0,53.854,2.9241999999999998e-08,0.0027939,0.010043999999999999,0.28403,0.0012714,0.86354,0.49541999999999997,4.9467e-07,1.7808e-08,1.2232e-07,0.016541,0.37599,0.003966,1.3412e-07,3.6491e-07,1.8982e-07,0.020161000000000002,0.52696,1.0552999999999999e-07,0.006608199999999999,0.11885,8.933400000000001e-08,0.38524,0.48977,0.0,56.25899999999999,0.0039552,0.38233,0.6112,1.2719,0.6282800000000001,1.8881,2.3453,0.22103000000000003,0.31947,0.18952,0.95485,1.0819,0.5774100000000001,0.31149,0.056982000000000005,0.059245000000000006,0.66113,1.0548,0.00023582,0.7984899999999999,0.5254,0.012225,0.9090799999999999,0.98139,0.0,60.578,315,PC-PJ-BV-BF-BO-BT-BC-BY-BU-DP-BL-BA-BP-CA-EL-FP-CH-AC-BH-CG-ER-RI-CC-DL,24.0
2,0.016525,0.091642,0.10097,0.22433000000000003,0.089012,0.45118,0.35186999999999996,0.052908000000000004,0.047197,0.043149,0.15028,0.18929,0.13139,0.048318,0.03082,0.011772,0.11852,0.30123,0.019811000000000002,0.11037000000000001,0.07039400000000001,0.007875799999999999,0.19541,0.0,0.052851,52.48,4.3653e-14,1.9564e-08,1.8228e-07,1.0879e-05,9.6199e-08,0.0026524,0.00030186,1.8469e-12,5.44e-13,1.1457e-13,7.953399999999999e-09,0.00058404,1.4848e-07,8.4106e-14,4.2641000000000005e-14,2.0950999999999997e-18,8.375399999999999e-09,0.10047,1.742e-12,4.5831e-08,1.9404e-09,1.4530999999999999e-15,0.0011697,0.0,8.8036e-11,54.02,0.12749000000000002,0.40992,0.33819,0.49642,0.32495999999999997,0.7943399999999999,0.70007,0.22537,0.25390999999999997,0.16204000000000002,0.47378000000000003,0.38224,0.39089,0.21036999999999997,0.18042,0.1059,0.30782,0.40701,0.15095999999999998,0.34229,0.18106,0.053352,0.3401,0.0,0.23099,11.897,0.0,0.0,0.0,0.0,0.0,0.0,0.0,0.0,0.0,0.0,0.0,0.0,0.0,0.0,0.0,0.0,0.0,1.1588e-25,0.0,0.0,0.0,0.0,0.0,0.0,0.0,37.084,1.8766e-40,0.0,3.1158e-21,6.543e-21,1.667e-27,9.4338e-14,4.1117e-14,3.3896999999999995e-94,3.3045e-33,2.5153999999999994e-73,1.2842e-19,1.1789e-14,6.9056e-24,2.2457e-42,0.0,0.0,5.0101e-41,1.2901e-09,9.7705e-54,1.3391999999999999e-20,0.0,0.0,1.6123e-11,0.0,9.1731e-29,53.748000000000005,4.0647e-08,0.00069672,0.022239,0.32969,0.0024879999999999998,0.9005,0.52632,2.2559000000000002e-05,8.762499999999999e-08,1.7749000000000002e-06,0.036386,0.31989,0.01024,4.7216999999999997e-07,4.4298999999999997e-07,7.8243e-08,0.036213,0.5657,6.6638e-08,0.031488,0.06658,2.7313e-07,0.41415,0.0,1.4732e-05,54.75899999999999,0.0022342,0.45692,0.64366,1.0979,0.72942,2.0094,2.1288,0.38438,0.2278,0.33041,1.068,1.0616,1.0023,0.44271000000000005,0.06980900000000001,0.0063116000000000005,0.9370200000000001,1.1026,0.0011133,0.67264,0.50069,0.023176,0.8604,0.0,0.5534600000000001,61.50899999999999,322,PC-PJ-BV-BF-BO-BT-BC-BY-BU-DP-BL-BA-BP-CA-EL-FP-CH-AC-BH-CG-ER-RI-CC-DF,24.0
3,0.046893000000000004,0.073786,0.11172,0.21608000000000002,0.16717,0.30074,0.307,0.050114,0.05274500000000001,0.024802,0.12952,0.1617,0.084051,0.065099,0.018397999999999998,0.009263,0.1214,0.29653,0.032727,0.09121,0.098262,0.005501600000000001,0.0,0.27071999999999996,0.032263,40.187,6.0387e-12,1.6151e-08,5.5022000000000004e-06,2.7329000000000002e-05,3.0203e-07,0.0010922,0.00013959,8.8947e-11,1.6399e-11,3.5264000000000005e-11,7.813e-09,0.00019690000000000002,1.3147e-08,3.8698e-11,1.4654e-11,2.9589e-12,8.5661e-08,0.11365,3.2376e-11,1.5084e-08,2.3471999999999997e-07,1.2916e-11,0.0,0.040570999999999996,3.5798999999999997e-10,40.353,0.2972,0.24556999999999998,0.31154,0.48758999999999997,0.4879,0.55767,0.6630199999999999,0.22851999999999997,0.21488000000000002,0.13125,0.39732,0.34501,0.31165,0.27396,0.094446,0.055673,0.39826999999999996,0.49404,0.17246,0.29225,0.2419,0.043184,0.0,0.43067,0.13882,6.8137,1.7991e-26,1.0177e-22,3.5853999999999995e-23,8.6744e-24,5.6124e-22,7.2546e-22,1.2719e-19,7.896e-25,2.2231e-26,7.2341e-25,1.0734999999999999e-23,2.2536e-21,7.0736999999999995e-22,1.1949999999999998e-25,3.7783e-25,5.3246e-25,6.4642e-21,7.498e-13,2.1576e-24,7.4363e-21,7.513700000000001e-20,3.4013e-24,0.0,3.5554e-18,7.580100000000001e-25,39.65,2.8154e-16,8.5236e-14,4.328e-13,3.6493e-12,9.0576e-12,1.3906e-10,1.1662000000000001e-11,1.9665e-15,8.5874e-17,4.2234999999999995e-16,5.2766e-14,2.5904e-11,1.0319000000000001e-13,1.3039e-16,4.0208e-16,8.4673e-18,5.2205e-13,2.2044e-07,3.0367e-16,6.3921e-14,3.6209000000000003e-13,4.1642e-16,0.0,1.4387000000000002e-08,6.4226e-15,40.045,4.2263e-08,0.0043318,0.066379,0.33154,0.041324,0.58996,0.47468,2.4362e-06,2.2989e-07,8.5314e-07,0.0056329,0.26414,0.001097,1.971e-06,5.0371e-07,1.1884e-07,0.043799,0.48885,3.8375e-07,0.0054003,0.12628,1.1427999999999999e-07,0.0,0.53625,3.9526999999999996e-05,41.357,0.012676,0.43337,0.81697,1.1427,1.0427,1.4037,1.895,0.24329,0.39605,0.13463,1.0032,0.98059,0.69334,0.5583899999999999,0.049877,0.015931,0.8593799999999999,1.1415,0.019989,0.77146,0.53493,0.0010791,0.0,1.0419,0.15483,45.095,342,PC-PJ-BV-BF-BO-BT-BC-BY-BU-DP-BL-BA-BP-CA-EL-FP-CH-AC-BH-CG-ER-RI-DL-DF,24.0
4,0.050399,0.09433,0.10092999999999999,0.20648000000000002,0.089876,0.36414,0.37666,0.019408,0.055018,0.034176,0.12755,0.18968,0.08730299999999999,0.040691000000000005,0.036093,0.027052999999999997,0.09361,0.2588,0.017124,0.11596,0.09816,0.0,0.2015,0.24606,0.018344,74.955,1.0743e-12,5.4735e-09,2.3817e-06,2.4780000000000002e-06,1.6626e-08,0.0024511999999999997,0.0001379,1.5632e-11,5.7162e-12,1.3545e-11,2.1333e-09,8.144100000000001e-05,1.5674e-08,1.1421e-12,2.9052e-12,8.0307e-13,2.1202e-08,0.052133000000000006,4.8834e-12,1.6863999999999998e-08,1.514e-07,0.0,0.0012301999999999999,0.0058448,5.2490000000000004e-11,74.07600000000001,0.33960999999999997,0.39905,0.32929,0.47041000000000005,0.36184,0.66878,0.79686,0.10765999999999999,0.25986,0.14515999999999998,0.41967,0.39085,0.29034,0.17752,0.20325,0.16714,0.25601,0.38771,0.14,0.35125,0.27038,0.0,0.35884,0.41092,0.10432999999999999,5.7083,1.7034000000000004e-27,1.2996999999999999e-25,3.1914999999999997e-23,2.9003e-22,2.6992000000000005e-22,3.6073e-24,5.897999999999999e-22,6.4174e-28,3.9832e-27,2.4666e-24,3.0074e-24,3.7017e-22,9.5697e-29,4.3517e-30,9.835099999999999e-26,1.1012e-28,6.050999999999999e-23,4.1861e-14,2.0944e-29,3.8085e-23,3.3021999999999995e-21,0.0,1.3414000000000001e-17,8.044e-20,1.1838e-24,67.706,9.894299999999999e-19,4.3096000000000005e-15,9.7899e-14,1.5459e-12,3.3521e-15,4.8219e-12,6.3681e-13,5.887899999999999e-18,3.3158e-19,2.6840999999999998e-17,1.158e-16,2.7914999999999998e-11,6.3125e-15,1.3510999999999998e-17,8.8229e-18,6.4542e-19,1.0299e-14,3.316e-08,3.4545e-18,7.6296e-15,5.0708e-13,0.0,7.3548e-10,9.5626e-10,1.3707000000000002e-15,70.898,4.0115e-08,0.0028180999999999996,0.019109,0.26085,0.0027209,0.7138,0.5284399999999999,1.6802e-07,2.8735e-08,2.2116999999999996e-07,0.0032000999999999996,0.35693,0.0035866999999999995,5.4563e-08,3.3239000000000003e-07,9.0751e-08,0.025407,0.4968,7.4299e-08,0.013696999999999999,0.10463,0.0,0.41716000000000003,0.51439,1.3603e-06,78.40899999999999,0.00016802,0.51595,0.63543,1.1602,0.66672,1.7589,2.3952,0.005887699999999999,0.34943,0.30896999999999997,0.90333,0.9719,0.68313,0.27132,0.15552,0.039857,0.66709,1.073,0.00020591,0.76666,0.51905,0.0,0.8689600000000001,1.0016,0.026760000000000003,86.34100000000001,317,PC-PJ-BV-BF-BO-BT-BC-BY-BU-DP-BL-BA-BP-CA-EL-FP-CH-AC-BH-CG-ER-CC-DL-DF,24.0
5,0.043526,0.081374,0.082452,0.23638,0.065877,0.39415,0.32797,0.037088,0.059427,0.035744,0.14935,0.19259,0.094092,0.06444,0.01545,0.012594,0.11441,0.25268,0.010812,0.11646,0.0,0.008996299999999999,0.23171,0.25033,0.050486,41.565,1.5721e-12,1.7125e-08,3.2287e-07,4.9568000000000004e-05,1.1805e-07,0.0051275,3.9079e-05,1.2232e-11,9.3481e-12,9.3074e-11,7.5671e-09,0.00014661,4.5868000000000004e-08,4.2566e-12,1.998e-12,7.1885e-12,1.5996e-08,0.084087,7.2772e-12,7.379e-08,0.0,2.1431e-12,0.0010227,0.004013,2.0791e-10,42.961999999999996,0.33018000000000003,0.2703,0.25787,0.4852,0.28809,0.6974100000000001,0.68509,0.2197,0.25423,0.17589000000000002,0.48267,0.40431999999999996,0.309,0.32966,0.094372,0.10026,0.30118,0.35633000000000004,0.14284000000000002,0.32219000000000003,0.0,0.062598,0.41938000000000003,0.4075,0.24011999999999997,8.2231,1.2081e-27,3.1329e-23,1.0493e-23,3.4977e-23,2.8234e-24,5.1974e-20,3.3736e-24,1.2682e-24,3.3326999999999994e-25,4.251699999999999e-23,6.2757e-26,4.0662e-22,5.0233999999999994e-27,9.898300000000001e-26,3.4371e-25,3.6399e-27,2.1770999999999996e-24,3.8416e-12,1.564e-27,4.5565e-21,0.0,4.9279e-25,7.0612e-15,2.4406e-19,1.0407e-24,40.047,1.3855e-18,4.1142e-15,6.929100000000001e-16,7.0016e-12,5.717800000000001e-15,1.4624999999999999e-09,1.0882e-12,1.2197e-17,8.4468e-18,5.395100000000001e-16,2.7414e-16,8.2485e-12,3.5886e-14,3.3122e-16,3.9331e-17,2.095e-17,7.165e-14,1.6078e-07,2.8181999999999994e-17,2.178e-13,0.0,8.5949e-18,4.099399999999999e-09,1.0407e-10,6.2768e-16,42.961999999999996,2.0072999999999997e-08,0.0029952,0.0086727,0.37746,0.00066811,0.82962,0.43041999999999997,8.9028e-08,3.1236e-07,2.8111999999999997e-07,0.011441,0.35695,0.0013866,8.2107e-08,3.7849e-08,9.584400000000001e-08,0.034873,0.48336,1.0138e-07,0.052691999999999996,0.0,1.0943e-07,0.43983999999999995,0.54574,4.1378e-06,43.562,0.00073262,0.5353899999999999,0.62134,1.1789,0.37123,1.9739,2.1048,0.032018,0.4025,0.27753,1.0572,1.0326,0.6905600000000001,0.22555999999999998,0.0023190999999999997,0.018062,0.8627799999999999,0.97009,0.00025856,0.71619,0.0,0.0047396999999999995,1.0912,0.95795,0.29101,44.468,325,PC-PJ-BV-BF-BO-BT-BC-BY-BU-DP-BL-BA-BP-CA-EL-FP-CH-AC-BH-CG-RI-CC-DL-DF,24.0
6,0.052492,0.12555999999999998,0.12109,0.242,0.084225,0.40099,0.36956,0.066444,0.055371000000000004,0.044045999999999995,0.15205,0.19244,0.1209,0.043517,0.025789,0.033541,0.093275,0.30901999999999996,0.027075,0.0,0.10651,0.01065,0.21066,0.27419,0.023608,47.323,1.5836000000000003e-14,4.4279e-10,5.0484e-07,4.3401e-06,1.8848e-08,0.0011288000000000001,6.1919e-05,2.4015e-13,3.2487e-14,8.7336e-13,1.5147e-10,6.8089999999999995e-06,4.8862e-08,6.7793e-14,7.0212e-14,3.0846999999999995e-19,3.4668000000000005e-09,0.11755,7.9177e-14,0.0,1.62e-07,2.0751999999999997e-19,0.0031526,0.012251999999999999,3.5353e-12,47.869,0.34651,0.49295,0.3672,0.50742,0.34786,0.70772,0.77113,0.28841,0.26168,0.19816,0.49041999999999997,0.39792,0.41621,0.18457,0.17517,0.19957,0.27459,0.46348,0.23271999999999998,0.0,0.25456999999999996,0.066665,0.41152,0.45327,0.12314000000000001,10.48,0.0,0.0,0.0,0.0,0.0,0.0,0.0,0.0,0.0,0.0,0.0,0.0,0.0,0.0,0.0,0.0,0.0,0.0,0.0,0.0,0.0,0.0,0.0,0.0,0.0,44.873000000000005,0.0,4.8775e-25,5.2674e-18,2.1692e-18,5.2321e-25,1.7869999999999997e-14,3.6738e-18,1.59e-33,9.1269e-41,5.733599999999999e-32,1.6045e-28,1.6596e-20,1.3250999999999998e-20,2.3153e-39,1.1267999999999999e-27,0.0,8.625299999999998e-23,5.026500000000001e-08,2.6829e-42,0.0,1.6003000000000002e-24,0.0,1.4448e-11,6.1907e-13,1.7533000000000005e-27,46.942,1.3259999999999998e-08,0.005459,0.038113,0.34904,0.001873,0.86055,0.63981,1.0302e-06,1.9040999999999998e-08,2.1985e-07,0.0053552,0.34214,0.0048888000000000004,5.5705e-08,3.1445999999999997e-07,8.8501e-09,0.012986000000000001,0.56421,2.3302999999999997e-08,0.0,0.15361,3.7569000000000005e-09,0.39559,0.51851,5.3876e-06,49.903,0.015569,0.65446,0.83019,1.3259999999999998,0.65287,1.9538,2.2166,0.64536,0.19034,0.3291,1.0648,1.0943,0.8307100000000001,0.25903000000000004,0.0085771,0.087661,0.7284,1.2696,0.00046563,0.0,0.5532100000000001,0.0088969,0.9776799999999999,1.0408,0.052569000000000005,57.341,321,PC-PJ-BV-BF-BO-BT-BC-BY-BU-DP-BL-BA-BP-CA-EL-FP-CH-AC-BH-ER-RI-CC-DL-DF,24.0
7,0.051684,0.07359299999999999,0.10789000000000001,0.22651999999999997,0.09214800000000001,0.37454,0.33355,0.040435000000000006,0.06049500000000001,0.028879000000000002,0.13425,0.19243,0.092047,0.04063,0.028286000000000002,0.026508999999999998,0.09316,0.25606,0.0,0.12580999999999998,0.10632,0.013359999999999999,0.19588,0.23949,0.025079,51.912,1.7378e-14,8.9119e-10,8.0185e-07,2.193e-06,9.52e-09,0.0021631999999999997,3.9641e-05,1.9937000000000001e-13,5.6247000000000004e-14,2.4900000000000005e-12,5.1819e-10,6.8504e-05,1.6496e-08,1.421e-13,4.4689e-14,1e-19,3.9204e-09,0.043582,0.0,1.4941e-08,2.8681e-08,2.9342999999999997e-16,0.0010427,0.0029221,6.4891e-12,53.47,0.33854,0.34365999999999997,0.35052,0.48449,0.37568,0.68116,0.71492,0.19265,0.26861,0.13368,0.4242,0.39944,0.29562,0.17675,0.17718,0.16572,0.25827,0.37972,0.0,0.38103000000000004,0.26769,0.076106,0.35931,0.41512,0.13538,11.897,0.0,0.0,0.0,0.0,0.0,0.0,0.0,0.0,0.0,0.0,0.0,0.0,0.0,0.0,0.0,0.0,0.0,0.0,0.0,0.0,0.0,0.0,0.0,0.0,0.0,29.845,0.0,5.948100000000001e-25,4.0781e-20,1.3684999999999999e-18,1.3449000000000003e-19,5.1999e-14,1.1775000000000001e-15,0.0,1.4283999999999998e-40,1.9144999999999999e-28,4.3085e-22,1.2319e-14,4.4794e-19,2.1653000000000003e-33,2.447e-35,0.0,5.5448e-19,5.7326e-10,0.0,5.121e-21,2.5922e-33,0.0,5.0938e-14,7.124899999999999e-11,1.0161e-26,52.691,1.5908e-08,0.002531,0.019027000000000002,0.30384,0.0023398000000000004,0.8507899999999999,0.41746000000000005,1.158e-07,2.4325e-08,7.7408e-08,0.015086000000000002,0.34759,0.0036219,7.5642e-08,3.3243e-07,8.4575e-09,0.019173,0.48267,0.0,0.008649299999999999,0.12537,1.3514e-08,0.40931999999999996,0.50367,1.6685e-06,55.06100000000001,0.028681,0.38117,0.6656,1.2315,0.66237,1.8458,2.2072,0.21614,0.38731,0.22869,0.9156299999999999,1.0794,0.7710899999999999,0.27305,0.035802,0.030157,0.71363,1.0681,0.0,0.9369799999999999,0.61351,0.031768,0.8712700000000001,0.9612799999999999,0.048118,59.483999999999995,319,PC-PJ-BV-BF-BO-BT-BC-BY-BU-DP-BL-BA-BP-CA-EL-FP-CH-AC-CG-ER-RI-CC-DL-DF,24.0
8,0.031192,0.056739,0.15914,0.1743,0.11414,0.52495,0.31076,0.046209,0.017228999999999998,0.022699,0.16362000000000002,0.18629,0.09795,0.034776,0.012078,0.021551,0.10252,0.0,0.013064,0.13208,0.096724,0.0284,0.26126,0.26776,0.021911,17.743,2.1981e-12,1.0994999999999999e-08,3.3069e-06,3.1563e-05,1.0338e-06,0.028921,0.00049461,9.350799999999999e-11,3.2222000000000004e-11,7.08e-12,7.9567e-08,0.00010351,4.4116e-08,5.2525e-12,4.219999999999999e-12,6.7237e-12,4.058e-08,0.0,1.885e-10,2.5732e-07,1.0027e-06,5.625600000000001e-09,0.033487,0.028825,2.4171999999999997e-10,15.82,0.2809,0.26234,0.40318000000000004,0.38511999999999996,0.32681,0.82558,0.6240100000000001,0.30568,0.1066,0.13395,0.47057,0.40271999999999997,0.27789,0.31169,0.074558,0.18247,0.32787,0.0,0.11239,0.39597,0.22801,0.11797,0.4727,0.47366,0.14177,5.1581,3.3229e-24,4.1175e-20,1.0207000000000001e-17,2.3819000000000003e-19,4.0133999999999996e-20,3.4371e-17,2.8573000000000002e-18,2.2813000000000002e-23,1.8298e-23,1.0649000000000001e-23,9.475200000000001e-23,3.9203e-21,2.9566e-20,3.8039e-24,9.8741e-25,3.7489e-24,5.2627e-22,0.0,8.2288e-23,6.411100000000001e-21,6.7728e-17,1.6376999999999999e-24,2.2117e-12,2.6277e-17,9.6625e-21,15.195,1.4023e-17,7.1695e-14,8.8674e-12,1.9362000000000003e-11,3.1258e-12,5.9577e-08,2.079e-10,7.816900000000001e-16,6.5576e-16,1.3043e-16,3.3115e-14,1.5788999999999998e-10,1.3373e-12,3.0923e-16,1.0287e-16,2.5409999999999998e-18,7.0959e-13,0.0,4.3718000000000006e-15,3.3801e-13,1.0644999999999999e-11,2.5275999999999998e-14,5.0435999999999996e-08,2.4063000000000003e-09,5.731e-15,15.214,1.8275999999999998e-08,0.00056114,0.15195,0.24258000000000002,0.044179,0.9971700000000001,0.5080100000000001,1.8044999999999998e-06,1.4214e-07,7.9929e-08,0.077351,0.30858,0.032326,1.1515000000000001e-07,3.0655e-08,1.6195999999999998e-07,0.055647,0.0,2.8203e-06,0.0060125,0.14702,0.00023457,0.42083000000000004,0.50326,5.9911e-06,18.886,0.00012312,0.24011999999999997,1.0409,0.9795200000000001,0.8304,2.0314,1.8242,0.027236,0.0073875,0.043285000000000004,1.1464,0.9315200000000001,0.61636,0.0047725,0.0047332,0.035525,0.64032,0.0,0.0244,1.0029,0.55089,0.15562,1.0874,1.0387,0.01065,27.406999999999996,340,PC-PJ-BV-BF-BO-BT-BC-BY-BU-DP-BL-BA-BP-CA-EL-FP-CH-BH-CG-ER-RI-CC-DL-DF,24.0
9,0.075646,0.11344000000000001,0.10422999999999999,0.23088000000000003,0.082876,0.3898,0.37111,0.040572000000000004,0.061911,0.032338,0.11592000000000001,0.18650999999999998,0.11632999999999999,0.050220999999999995,0.029570999999999997,0.040393,0.0,0.30595,0.012156,0.1246,0.10937000000000001,0.028609,0.19939,0.26771999999999996,0.023666,53.056000000000004,3.3087e-14,3.3973000000000003e-09,2.2235e-07,1.3685e-06,3.4610999999999996e-09,0.0027692,3.8008e-05,2.1501999999999998e-13,1.9915999999999998e-13,3.2557e-12,2.3126e-10,6.0912e-06,1.0250999999999999e-08,6.089e-13,5.3713e-14,1.2139000000000001e-18,0.0,0.083415,8.5395e-14,1.4096e-08,6.0436e-08,1.4653e-17,0.00077416,0.009516799999999999,8.7659e-12,54.433,0.39633,0.41384,0.34118000000000004,0.49366000000000004,0.33881,0.6956100000000001,0.76586,0.19088,0.29334,0.13366,0.39907,0.39471999999999996,0.33273,0.26086,0.17806,0.20853000000000002,0.0,0.4375,0.1319,0.36880999999999997,0.28931999999999997,0.21066,0.38938,0.46032,0.12315,11.427999999999999,0.0,0.0,0.0,0.0,0.0,0.0,0.0,0.0,0.0,0.0,0.0,0.0,0.0,0.0,0.0,0.0,0.0,0.0,0.0,0.0,0.0,0.0,0.0,0.0,0.0,45.695,0.0,0.0,2.4284e-17,3.8677e-19,8.185e-24,3.8757e-14,1.4857e-16,0.0,0.0,4.8927e-27,4.908300000000001e-25,6.421899999999999e-19,5.1546000000000005e-19,1.2471e-26,1.8846e-35,0.0,0.0,4.0378e-10,9.8923e-38,9.647500000000001e-22,4.0898000000000007e-25,0.0,7.4857e-15,1.4927000000000002e-10,5.058e-33,53.618,3.7897e-08,0.0044101999999999995,0.0099198,0.3257,0.0027339,0.84035,0.50297,3.712e-07,2.292e-08,7.742499999999999e-07,0.0089317,0.35648,0.0074155,1.4799000000000002e-07,2.4478e-07,2.2279e-08,0.0,0.5526,6.2808e-09,0.0085072,0.10682,3.0745e-09,0.36536,0.50425,5.0269e-06,56.04,0.20820999999999998,0.78738,0.64099,1.3094,0.53152,1.9082,2.4051,0.27494,0.25075,0.29207,0.7208399999999999,1.0235,0.9395100000000001,0.3774,0.062206,0.12329000000000001,0.0,1.161,4.2244e-05,1.036,0.71163,0.016981,0.97772,1.0666,0.037841,60.637,322,PC-PJ-BV-BF-BO-BT-BC-BY-BU-DP-BL-BA-BP-CA-EL-FP-AC-BH-CG-ER-RI-CC-DL-DF,24.0
10,0.053833000000000006,0.072737,0.096255,0.21168,0.092012,0.40264,0.41118999999999994,0.048458,0.056251,0.027469999999999998,0.12525,0.18120999999999998,0.088987,0.040537000000000004,0.016187,0.0,0.083455,0.25906999999999997,0.016850999999999998,0.12228,0.10984000000000001,0.0097968,0.21725,0.24811,0.0318,55.049,9.876799999999999e-13,1.1152999999999999e-08,8.8167e-07,1.7415e-06,2.3612000000000003e-08,0.002411,9.7451e-05,3.8688000000000006e-11,6.1154e-12,7.5117e-12,7.4458e-09,6.0763999999999996e-05,2.8739999999999998e-08,7.7016e-13,2.4538e-12,0.0,1.6375e-08,0.043593,4.9913e-12,1.6897e-08,1.4214999999999999e-07,3.3925e-12,0.00056274,0.009441799999999998,8.2836e-11,55.849,0.33798,0.26478,0.28197,0.4715,0.3995,0.72095,0.8499899999999999,0.22782,0.26198,0.13498,0.41831,0.38258000000000003,0.28484,0.17576,0.08166699999999999,0.0,0.24318,0.38003000000000003,0.13487000000000002,0.36363,0.27481,0.06640599999999999,0.44461000000000006,0.4102,0.2066,11.436,6.4356999999999995e-27,1.1238e-24,5.3482e-26,1.1285e-22,1.1805999999999999e-21,6.9454e-20,1.7413e-20,3.2677999999999996e-26,6.619499999999999e-27,1.1597000000000002e-23,1.4347999999999997e-22,3.0229e-22,1.5282999999999998e-24,1.7722e-26,1.5094999999999998e-26,0.0,4.0784e-23,7.196799999999999e-14,2.554e-27,1.2414e-21,3.2093e-21,3.042e-26,1.1865999999999998e-17,5.3146e-19,1.6829000000000002e-23,50.766000000000005,9.1913e-19,4.2021e-15,5.1361000000000005e-14,3.6616e-13,7.0781e-15,1.6850000000000002e-11,1.3985e-12,3.7262e-17,2.8981e-18,2.1932e-17,5.0391e-16,3.1262e-12,6.0563999999999996e-15,3.3492e-17,7.1423e-18,0.0,2.6039e-14,5.8997999999999997e-08,3.5046e-18,1.0203e-14,2.2776e-13,3.7061e-17,2.9063e-10,4.5531e-10,5.9153e-15,54.507,3.7246e-08,0.0030276,0.0088404,0.28364,0.0014791,0.87825,0.52158,1.2202e-06,2.4639000000000003e-08,8.3278e-08,0.010664,0.31481,0.0032161,8.070700000000001e-08,3.961199999999999e-07,0.0,0.02081,0.50679,1.5895e-07,0.0081055,0.12566,1.0526e-07,0.39685,0.49706000000000006,1.6137000000000001e-06,58.051,0.0082414,0.39082,0.69008,1.1598,0.48551000000000005,2.0158,2.512,0.24145,0.28562,0.16202,0.91576,1.0075,0.68267,0.23398000000000002,0.024069999999999998,0.0,0.6231800000000001,1.045,0.00048514,0.80314,0.69952,0.0033762,0.97145,0.99416,0.034509,64.863,323,PC-PJ-BV-BF-BO-BT-BC-BY-BU-DP-BL-BA-BP-CA-EL-CH-AC-BH-CG-ER-RI-CC-DL-DF,24.0
11,0.050509,0.073034,0.1006,0.22064,0.094449,0.38049,0.34898,0.038569,0.05646,0.027438999999999998,0.14392,0.17948,0.10105,0.040161,0.0,0.019208000000000003,0.09546,0.26366,0.015974000000000002,0.11829,0.10509,0.010037,0.19473,0.25695,0.027181999999999998,53.38399999999999,3.1203e-14,1.6459e-09,7.746500000000001e-07,2.4122e-06,3.8078e-09,0.0022421999999999997,2.4585999999999998e-05,3.7048e-13,3.5466e-14,5.5925e-13,3.2237e-10,7.6679e-05,1.0301e-08,7.3785e-14,0.0,1.4888e-18,4.7575e-09,0.043717,2.8795e-14,9.6749e-09,4.2661e-08,6.7509e-18,0.00043934,0.0042756999999999995,1.1620999999999998e-11,54.588,0.3362,0.2867,0.32634,0.49846999999999997,0.37774,0.69158,0.76642,0.1885,0.26333,0.13632,0.44455,0.37009000000000003,0.31156,0.17586,0.0,0.13427,0.25169,0.39211,0.13415,0.35491999999999996,0.28031999999999996,0.06378400000000001,0.38344,0.4351,0.1424,11.290999999999999,0.0,0.0,0.0,0.0,0.0,0.0,0.0,0.0,0.0,0.0,0.0,0.0,0.0,0.0,0.0,0.0,0.0,0.0,0.0,0.0,0.0,0.0,0.0,0.0,0.0,49.585,9.8143e-37,5.123999999999999e-29,6.1321e-20,5.2454999999999996e-18,3.4237999999999997e-23,1.8449e-13,3.4954e-18,8.1063e-38,7.124900000000001e-42,2.4024e-33,4.0186e-24,6.4034e-17,2.8982e-19,8.891699999999999e-30,0.0,0.0,7.8123e-19,1.7889e-10,0.0,2.9657e-18,1.4851e-24,0.0,9.004799999999998e-15,2.2464000000000004e-11,1.7746e-27,53.85,1.6282e-08,0.0029414000000000003,0.014528,0.27432,0.0016250999999999998,0.83941,0.43043000000000003,4.296e-07,1.9954e-08,7.5804e-08,0.017837000000000002,0.34545,0.004684399999999999,8.090400000000001e-08,0.0,2.6223999999999997e-08,0.025587000000000002,0.51932,9.5424e-09,0.008785,0.11129000000000001,1.0698000000000001e-08,0.36485,0.51666,1.4159999999999999e-06,56.43,0.024986,0.43682,0.63136,1.1598,0.69376,1.8629,2.1301,0.22894,0.27604,0.14037,1.0559,0.98446,0.84355,0.25532,0.0,0.017446,0.68214,1.1911,5.4876999999999997e-05,0.7843600000000001,0.5362899999999999,0.012025,0.98519,1.0466,0.048543,60.773,321,PC-PJ-BV-BF-BO-BT-BC-BY-BU-DP-BL-BA-BP-CA-FP-CH-AC-BH-CG-ER-RI-CC-DL-DF,24.0
12,0.054360000000000006,0.086921,0.11449000000000001,0.21639,0.09866699999999999,0.38422,0.38171,0.039442000000000005,0.059548000000000004,0.028612000000000002,0.15702,0.18689,0.091132,0.0,0.030577999999999998,0.031137,0.09656,0.30946,0.015921,0.1157,0.097599,0.011323,0.20472,0.2457,0.033298,53.071999999999996,1.0386e-12,7.6519e-09,1.3794999999999999e-06,3.7221e-06,3.7176e-08,0.0020245000000000003,5.3753999999999994e-05,3.4049999999999995e-11,5.6929e-12,1.1657e-11,3.2816999999999995e-09,7.3485e-05,3.1002999999999996e-08,0.0,2.1602e-12,1.4178e-12,1.1190999999999999e-08,0.072314,3.3583e-12,2.1654e-08,1.5704e-07,4.0583e-12,0.0010622,0.0038344,1.0874e-10,54.691,0.33821999999999997,0.37246999999999997,0.36027,0.47376,0.40026999999999996,0.722,0.79348,0.18936,0.26416,0.13567,0.47641999999999995,0.39336,0.28735,0.0,0.17851,0.17039,0.25882,0.45385,0.13294,0.35499,0.24604,0.069841,0.39839,0.41965,0.17965,12.232999999999999,4.5978999999999993e-29,1.083e-25,1.0301000000000001e-24,2.2853999999999996e-22,1.8338999999999998e-26,9.752100000000001e-22,3.0096e-24,5.4735e-28,6.7512e-27,6.552399999999999e-25,5.8711e-25,4.713e-24,1.6983e-28,0.0,3.9647e-26,1.0982e-28,2.117e-24,1.1739000000000002e-13,5.7424e-31,3.1614000000000004e-23,7.3359000000000005e-22,1.8283e-29,2.9966000000000003e-18,1.3719000000000002e-19,8.975299999999999e-27,32.247,4.4183e-19,1.3027999999999998e-15,5.6616e-15,1.4707e-13,9.9163e-16,9.4081e-12,2.6082e-13,8.8773e-18,4.3133e-19,1.5415e-17,3.6778e-17,1.8646e-12,1.4357e-15,0.0,2.7083e-18,7.2414e-20,1.4294999999999997e-14,4.4782000000000004e-08,6.557300000000001e-19,2.4971999999999996e-15,1.576e-13,3.5455e-18,3.3177000000000002e-09,1.2925e-09,5.0979e-16,53.854,4.7467e-08,0.0027043,0.025649,0.29932,0.0027465999999999996,0.8332,0.52388,9.584e-07,9.473800000000001e-08,1.4097000000000002e-07,0.047559,0.33588,0.0044389,0.0,7.963600000000001e-07,2.1756999999999998e-07,0.026985000000000002,0.58802,8.758100000000001e-08,0.0046921,0.11986,1.2694e-07,0.39531,0.48725,2.768e-06,56.231,0.050259,0.42562,0.66519,1.1469,0.65483,1.8588,2.3063,0.20023,0.37421,0.2221,1.057,1.0226,0.69094,0.0,0.156,0.064671,0.76366,1.416,0.00053357,0.7824800000000001,0.5224,0.030164999999999997,1.0012,0.9794200000000001,0.050249,61.058,322,PC-PJ-BV-BF-BO-BT-BC-BY-BU-DP-BL-BA-BP-EL-FP-CH-AC-BH-CG-ER-RI-CC-DL-DF,24.0
13,0.045082,0.070498,0.12764,0.22034,0.08810599999999999,0.38261,0.30777,0.041401,0.065111,0.028745,0.1538,0.18813,0.0,0.04177,0.026407999999999997,0.037452,0.12297999999999999,0.23718000000000003,0.021711,0.12435999999999998,0.095461,0.013113999999999999,0.19018,0.24748,0.023383,52.903,9.3589e-13,3.2661e-09,9.1762e-07,8.2807e-06,1.6713e-08,0.0024318,3.065e-05,4.2685000000000006e-11,6.7179e-12,2.1292e-12,1.729e-09,1.9173e-05,0.0,1.3675e-12,1.8965e-12,2.5580000000000002e-12,8.5686e-09,0.030788,3.2688e-12,4.0637e-08,1.3357000000000002e-07,3.2667e-12,0.00042127,0.0035448,4.2908e-11,54.586999999999996,0.32721,0.34652,0.37277,0.47602,0.35998,0.67314,0.67728,0.20401,0.34768000000000004,0.13643,0.44593,0.40131,0.0,0.17776,0.17799,0.18406,0.34626999999999997,0.36607,0.17046,0.37214,0.25346,0.087622,0.36125,0.42858,0.12039000000000001,12.42,2.1603e-27,2.5945e-25,2.1649e-23,1.8545e-23,1.1950000000000001e-24,1.0112e-21,1.1565e-22,2.5165000000000002e-26,1.2184e-28,3.9314e-25,3.4152999999999996e-23,3.2724e-22,0.0,3.1365e-29,1.3915000000000002e-26,4.6583e-27,2.3339e-24,1.1327e-13,2.2916e-31,3.6019000000000004e-21,5.2349999999999996e-21,1.2165999999999998e-27,5.5845e-19,7.100099999999999e-20,1.7691e-26,19.475,5.9287e-19,8.725400000000001e-16,1.4689e-15,2.1041999999999998e-13,1.7832000000000003e-15,1.0472000000000001e-11,6.356e-13,2.3613000000000002e-17,2.8111e-19,9.9102e-19,5.7843e-16,1.5318e-12,0.0,2.0821e-18,3.2859e-18,1.0829e-18,9.0006e-15,7.5112e-09,4.1672000000000004e-18,3.3558e-15,1.3122e-13,5.0960000000000006e-17,3.0852999999999997e-10,5.7177e-09,1.267e-15,53.781000000000006,3.1235e-08,0.002183,0.06605499999999999,0.27892,0.0018122,0.87741,0.33862,4.3367e-07,2.3556e-08,7.511e-08,0.050496,0.34378000000000003,0.0,7.319e-08,3.9013000000000007e-07,1.4888e-07,0.028086,0.47648,8.9968e-08,0.008154300000000001,0.10740999999999999,1.8893e-07,0.40589000000000003,0.49708,1.4247999999999999e-06,56.158,0.0006181,0.35389,0.9352600000000001,1.16,0.68903,1.8579,2.1229,0.12645,0.3667,0.25235,1.08,1.0975,0.0,0.30943000000000004,0.0049700000000000005,0.09222999999999999,1.0357,0.8844299999999999,0.00010979999999999999,0.8971299999999999,0.51884,0.047208,0.87436,0.9758600000000001,0.032492,61.896,310,PC-PJ-BV-BF-BO-BT-BC-BY-BU-DP-BL-BA-CA-EL-FP-CH-AC-BH-CG-ER-RI-CC-DL-DF,24.0
14,0.033339999999999995,0.064709,0.12617,0.23926999999999998,0.11152999999999999,0.42858,0.40234000000000003,0.040697000000000004,0.069613,0.039073000000000004,0.14054,0.0,0.1088,0.050295,0.021197999999999998,0.02015,0.12082000000000001,0.30978,0.01072,0.1136,0.089501,0.01644,0.22475,0.21122,0.030823000000000003,48.235,3.7906e-15,3.1778e-09,2.6351e-07,1.8922e-06,2.9987e-08,0.0030800999999999997,0.00049712,1.3555e-14,5.5426e-14,1.8415e-13,2.5615e-09,0.0,8.8285e-09,4.4386e-14,6.2363e-14,1.6649e-17,4.3445e-09,0.087538,1.8438e-13,1.4632e-08,8.3126e-08,9.81e-19,0.00053766,0.0021598000000000003,3.7866999999999994e-11,49.754,0.22716999999999998,0.23626999999999998,0.40171,0.49865,0.39965,0.7387,0.77881,0.22391999999999998,0.31264000000000003,0.15359,0.39758000000000004,0.0,0.31284,0.2534,0.096237,0.12692,0.29654,0.46925,0.11387,0.34865999999999997,0.24881,0.08764,0.45002,0.37773,0.15342,11.921,0.0,0.0,0.0,0.0,0.0,0.0,0.0,0.0,0.0,0.0,0.0,0.0,0.0,0.0,0.0,0.0,0.0,0.0,0.0,0.0,0.0,0.0,0.0,0.0,0.0,17.906,0.0,1.4089e-27,5.884400000000001e-22,4.6104e-21,1.0315e-21,3.5314e-16,1.108e-17,0.0,1.1619e-43,4.4491999999999994e-35,1.2375000000000001e-26,0.0,2.2761000000000003e-19,2.9849999999999997e-32,0.0,0.0,4.6986e-20,6.818300000000001e-09,1.2752e-50,8.9328e-21,9.1252e-22,0.0,2.9067e-14,6.6273e-16,8.7246e-32,48.972,1.6626e-08,0.006713899999999999,0.038847,0.32281,0.0042718,0.89402,0.6640199999999999,1.1025e-07,6.577000000000001e-08,1.6498e-07,0.011812000000000001,0.0,0.00073646,6.4596e-08,2.1789000000000003e-07,1.1802e-07,0.05454,0.5607300000000001,2.1608e-08,0.01114,0.068746,9.2706e-08,0.42515,0.43332,1.1075e-06,51.14,0.020059,0.55387,1.0344,1.3217,0.83836,2.1275,2.4459,0.053152,0.44638999999999995,0.31188,1.0692,0.0,0.9441799999999999,0.27282,0.15435,0.04604,0.86093,1.402,0.00074232,0.67884,0.5265,0.042679,0.9306,0.9199799999999999,0.042842,55.508,324,PC-PJ-BV-BF-BO-BT-BC-BY-BU-DP-BL-BP-CA-EL-FP-CH-AC-BH-CG-ER-RI-CC-DL-DF,24.0
15,0.052305,0.077972,0.10680999999999999,0.22735,0.10777,0.37698000000000004,0.4018,0.037032,0.061895000000000006,0.04741,0.0,0.18420999999999998,0.11427000000000001,0.041862,0.023575,0.033442,0.11529,0.28198,0.020961,0.14009000000000002,0.10985999999999999,0.0182,0.23239,0.25361999999999996,0.035408999999999996,53.998000000000005,4.5896e-14,3.5464e-09,1.0951000000000001e-06,1.8915e-06,3.9933e-09,0.0020245000000000003,0.00010884,1.0520999999999999e-13,9.3717e-14,1.9224e-12,0.0,2.0285e-05,6.2247e-09,2.2019999999999997e-14,2.0926e-14,4.3742e-19,8.3298e-09,0.0638,1.6386e-13,6.4685e-09,4.8832e-07,9.0309e-19,0.00052386,0.0026436999999999997,2.4074e-12,54.637,0.32691,0.35502,0.318,0.50544,0.45445,0.67788,0.81366,0.18,0.26976,0.22683000000000003,0.0,0.40385,0.34576,0.17685,0.10292000000000001,0.27757,0.32054,0.42988999999999994,0.15198,0.38742,0.2662,0.15461,0.5008199999999999,0.44985,0.24097,10.437999999999999,0.0,0.0,0.0,0.0,0.0,0.0,0.0,0.0,0.0,0.0,0.0,0.0,0.0,0.0,0.0,0.0,0.0,0.0,0.0,0.0,0.0,0.0,0.0,0.0,0.0,50.888999999999996,7.4044e-31,1.5904e-24,3.4302e-19,3.6962000000000004e-18,6.8486000000000005e-34,3.305e-16,9.860200000000001e-17,0.0,0.0,0.0,0.0,2.2927e-15,9.2785e-18,6.006599999999999e-34,7.03e-34,0.0,7.2234e-21,8.574900000000001e-10,2.5732999999999998e-26,1.2735e-18,5.592600000000001e-23,0.0,8.792399999999999e-17,1.8041e-12,1.8670999999999998e-33,53.88,7.2239e-08,0.0035853,0.031076999999999997,0.30848000000000003,0.0024302,0.82915,0.52279,9.865500000000001e-07,2.5417000000000002e-08,5.8425e-07,0.0,0.34893,0.0053495,4.022e-07,3.2317e-07,1.5323e-08,0.048859,0.5294300000000001,9.500400000000001e-08,0.022757,0.1327,2.9957000000000003e-10,0.39473,0.49891,2.1337e-06,56.272,0.053895000000000005,0.37842,0.79045,1.2922,0.6463,1.9415,2.5666,0.17405,0.38908000000000004,0.31012,0.0,1.064,0.91332,0.40334000000000003,0.25390999999999997,0.024297,0.7635,1.1320000000000001,0.00064658,1.1652,0.60045,0.008315799999999998,1.0765,1.0377,0.050707999999999996,65.197,316,PC-PJ-BV-BF-BO-BT-BC-BY-BU-DP-BA-BP-CA-EL-FP-CH-AC-BH-CG-ER-RI-CC-DL-DF,24.0
16,0.052347000000000005,0.086835,0.098249,0.21491,0.10165,0.39163000000000003,0.3792,0.043937000000000004,0.062499,0.0,0.13197,0.1923,0.09005099999999999,0.040389999999999995,0.024794,0.028794,0.10128999999999999,0.28504,0.023174,0.12579,0.11308,0.010206,0.19474,0.27629000000000004,0.03909,53.445,5.1922e-14,2.5723000000000003e-09,9.6935e-07,4.0882999999999995e-06,2.2730000000000002e-08,0.0024062,4.0326e-05,7.2679e-13,8.689e-14,0.0,9.4934e-10,6.9268e-05,1.8529e-08,1.2425e-13,2.2779e-14,1.9213e-18,6.3732e-09,0.047663,1.2240999999999998e-13,9.911e-09,1.7807000000000003e-07,1.6079000000000002e-17,0.00042750000000000004,0.005762,3.9201e-11,54.574,0.33821999999999997,0.37872,0.32873,0.4989,0.42126,0.69685,0.80355,0.19967000000000001,0.31699,0.0,0.41873,0.40191,0.2936,0.17665,0.17223,0.16872,0.28418000000000004,0.44928999999999997,0.15689,0.36008,0.27984000000000003,0.063355,0.3538,0.49201999999999996,0.23303000000000001,11.36,0.0,0.0,0.0,0.0,0.0,0.0,0.0,0.0,0.0,0.0,0.0,0.0,0.0,0.0,0.0,0.0,0.0,0.0,0.0,0.0,0.0,0.0,0.0,0.0,0.0,35.543,2.5458e-37,2.134e-37,1.3162e-18,8.395200000000001e-16,6.0176e-21,1.9132e-14,4.671800000000001e-15,2.5229e-25,3.9646e-39,0.0,1.5975999999999997e-21,6.514799999999999e-15,3.0399e-19,2.1962999999999997e-28,3.9791e-44,0.0,1.6895e-21,4.9443e-09,0.0,1.4369e-19,9.986399999999999e-23,0.0,7.8702e-14,1.4138e-11,1.6728999999999998e-23,53.85,1.6566e-08,0.0012505,0.022239,0.27498,0.0029146999999999997,0.8761200000000001,0.51967,1.1328e-06,2.4698e-08,0.0,0.012971000000000002,0.36386,0.0045956,1.0912000000000001e-07,2.881e-07,1.4373e-08,0.026269999999999998,0.5286,7.3679e-08,0.018793999999999998,0.11522,1.7068e-09,0.39708000000000004,0.5128,5.5133e-06,56.26,0.023499000000000003,0.40881,0.61895,1.147,0.65696,2.0254,2.2343,0.27194,0.28981,0.0,0.78225,1.0234,0.6745899999999999,0.25638,0.013071000000000001,0.046577999999999994,0.7822600000000001,1.2045,0.004091,0.8041699999999999,0.7699199999999999,0.026521,0.9077299999999999,1.1564,0.08571000000000001,64.78699999999999,321,PC-PJ-BV-BF-BO-BT-BC-BY-BU-BL-BA-BP-CA-EL-FP-CH-AC-BH-CG-ER-RI-CC-DL-DF,24.0
17,0.053176999999999995,0.08444700000000001,0.098367,0.21744000000000002,0.093423,0.36284,0.33563000000000004,0.0,0.05733099999999999,0.031332,0.14428,0.19064,0.10514000000000001,0.04058,0.031111,0.026581999999999998,0.097209,0.26755999999999996,0.015474000000000002,0.11424000000000001,0.097939,0.0093655,0.19103,0.25732,0.019865999999999998,52.803000000000004,4.4059e-14,4.337899999999999e-09,1.1e-06,2.0953e-06,1.9572e-08,0.0027264,5.321899999999999e-05,0.0,6.732000000000001e-14,1.2138e-12,3.961e-10,7.5091e-05,1.4914e-08,1.2562e-13,4.9356e-14,2.9476999999999997e-19,3.7696e-09,0.052264,1.3914e-13,1.5678e-08,1.0886e-07,2.7694e-17,0.00057679,0.0095232,1.7113e-11,54.498999999999995,0.33376999999999996,0.36267,0.3324,0.47568999999999995,0.36196999999999996,0.65767,0.7178,0.0,0.26384,0.14026,0.43496999999999997,0.39434,0.31623,0.17715999999999998,0.18041,0.16527999999999998,0.26106,0.40376,0.13385999999999998,0.35326,0.25472,0.064834,0.35739,0.44508000000000003,0.10828,10.665999999999999,0.0,0.0,0.0,0.0,0.0,0.0,0.0,0.0,0.0,0.0,0.0,0.0,0.0,0.0,0.0,0.0,0.0,0.0,0.0,0.0,0.0,0.0,0.0,0.0,0.0,49.416000000000004,0.0,1.8823e-32,4.7987000000000005e-18,3.2818000000000006e-15,1.5007e-22,2.0188e-13,1.9884e-16,0.0,0.0,9.983699999999999e-26,1.5189000000000002e-21,5.1776e-14,2.9044000000000003e-19,4.2324000000000004e-26,6.5542e-36,0.0,6.0663999999999995e-21,1.6009000000000001e-09,7.659399999999996e-240,2.2844000000000004e-19,1.3427e-22,0.0,6.8606e-13,7.207500000000001e-11,4.627200000000001e-22,53.758,1.9958e-08,0.0029749000000000004,0.011014,0.27704,0.0027955,0.81425,0.41839,0.0,1.7624e-08,7.7781e-08,0.014993000000000001,0.3576,0.0039689999999999994,9.0651e-08,3.6177e-07,1.5288e-08,0.025463999999999997,0.50256,3.9189999999999996e-08,0.005037300000000001,0.1192,1.9617e-09,0.39011999999999997,0.5008199999999999,1.4500999999999999e-06,55.667,0.054178,0.45478,0.61827,1.1488,0.77384,1.7773,2.2744,0.0,0.35107,0.26379,0.9947,0.9815,0.9116799999999999,0.27266999999999997,0.14931,0.031952,0.75566,1.0627,0.00071404,0.77405,0.5229,0.0076484,0.8688,0.9783700000000001,0.041343,58.508,319,PC-PJ-BV-BF-BO-BT-BC-BU-DP-BL-BA-BP-CA-EL-FP-CH-AC-BH-CG-ER-RI-CC-DL-DF,24.0
18,0.025325,0.10405,0.11692000000000001,0.2692,0.11079000000000001,0.40786999999999995,0.0,0.0325,0.053465,0.0465,0.13755,0.23245,0.097105,0.043693,0.027923000000000003,0.018987,0.10142999999999999,0.22712,0.011427,0.13329000000000002,0.11915999999999999,0.014950999999999999,0.20454,0.26558000000000004,0.068426,53.416000000000004,9.9611e-14,5.241e-09,1.5984e-06,0.00010605,7.4686e-09,0.0053413,0.0,1.3308e-13,8.1271e-14,2.9068000000000003e-13,2.4598e-09,0.000205,3.0812e-08,1.7755e-13,3.1732e-14,9.7466e-18,7.694699999999999e-09,0.0062968,1.5446e-12,1.4964e-08,3.5714e-07,9.383e-17,0.003042,0.008745999999999999,4.700899999999999e-11,54.745,0.20939000000000002,0.39495,0.35608,0.57057,0.44071000000000005,0.67605,0.0,0.17213,0.25485,0.25336,0.42477,0.43146,0.29259,0.21478000000000003,0.17492,0.13552999999999998,0.30182,0.36545,0.12212,0.38075,0.26477,0.092153,0.38101,0.4752,0.31701,11.054,0.0,0.0,0.0,0.0,0.0,0.0,0.0,0.0,0.0,0.0,0.0,0.0,0.0,0.0,0.0,0.0,0.0,0.0,0.0,0.0,0.0,0.0,0.0,0.0,0.0,43.41,1.5454000000000002e-32,7.346399999999998e-43,1.3197e-14,9.2775e-16,8.380500000000001e-23,2.5638e-13,0.0,1.8094999999999998e-31,0.0,7.5942999999999995e-28,8.425e-22,2.0168e-13,3.1678e-20,2.7023999999999997e-28,0.0,0.0,3.3374e-22,5.2268e-12,3.4584000000000004e-41,4.2376000000000004e-20,4.5722e-23,0.0,2.1233e-12,2.4923000000000003e-10,3.1722e-28,53.836000000000006,4.0391e-08,0.011611,0.046973,0.41947,0.0045141999999999995,0.9178,0.0,4.7828e-07,1.0803e-07,5.807100000000001e-07,0.029972000000000002,0.43393000000000004,0.007134699999999999,4.9869e-07,2.0784000000000001e-07,1.1937999999999999e-08,0.018952,0.41148999999999997,8.1572e-08,0.01492,0.16768,7.7577e-08,0.38795999999999997,0.5153399999999999,1.5617e-05,56.24100000000001,0.0028250999999999997,0.5735100000000001,0.65349,1.2764,0.5725600000000001,1.9462,0.0,0.11904,0.25666,0.33651,0.8796700000000001,1.2731,0.65279,0.060729,0.058482000000000006,0.010605,0.64753,0.8450200000000001,7.9657e-05,1.0675,0.7690100000000001,0.020208,1.1192,1.103,0.49793000000000004,61.56399999999999,310,PC-PJ-BV-BF-BO-BT-BY-BU-DP-BL-BA-BP-CA-EL-FP-CH-AC-BH-CG-ER-RI-CC-DL-DF,24.0
19,0.028437999999999998,0.088306,0.14039000000000001,0.26954,0.17814000000000002,0.0,0.39613000000000004,0.034203,0.046443,0.040734,0.15671,0.21871999999999997,0.12297999999999999,0.050204,0.035455,0.053701,0.12451,0.32828,0.025168,0.11944,0.1173,0.0075031,0.24794000000000002,0.22964,0.039527,53.596000000000004,2.3275e-14,2.5109999999999997e-09,1.5568e-06,4.9015e-05,1.5573999999999998e-08,0.0,3.4117e-05,4.3005e-13,2.0502e-14,5.395399999999999e-13,6.8967e-09,1.6228e-05,4.6262999999999995e-08,1.1575999999999998e-13,4.7244e-14,1.3509e-18,1.219e-09,0.12045,7.374600000000001e-13,1.7426e-08,2.3838999999999997e-06,6.9207e-16,0.00084448,0.0031853000000000003,2.0721e-12,54.728,0.20631,0.4029,0.40139,0.54857,0.5484399999999999,0.0,0.77753,0.18025,0.23162,0.15484,0.45433,0.47266,0.32608000000000004,0.25167,0.19177,0.32869,0.32359,0.48481,0.19918,0.35921,0.27243,0.050398,0.49281,0.41873999999999995,0.19927,11.23,0.0,0.0,0.0,0.0,0.0,0.0,0.0,0.0,0.0,0.0,0.0,0.0,0.0,0.0,0.0,0.0,0.0,0.0,0.0,0.0,0.0,0.0,0.0,0.0,0.0,32.198,5.4198e-34,1.1483000000000001e-22,3e-17,3.2323000000000005e-18,1.5237e-25,0.0,2.4188e-18,1.6352999999999996e-47,0.0,1.548e-30,4.7113e-21,2.5953e-14,5.8681e-21,9.3278e-50,1.1479999999999999e-42,0.0,1.099e-26,3.6174999999999997e-10,4.0123999999999996e-51,5.4107000000000004e-20,2.6237e-18,0.0,1.5831e-12,3.2954e-14,1.3896e-25,53.851000000000006,1.4503e-08,0.006074100000000001,0.1204,0.43909,0.016309999999999998,0.0,0.5708300000000001,1.3172999999999999e-06,7.277e-08,3.8739000000000003e-07,0.071995,0.38952,0.014871,1.5425e-07,3.657e-07,1.8385e-08,0.07676799999999999,0.59136,1.9569e-08,0.009911399999999999,0.17563,9.4578e-09,0.44306999999999996,0.41,4.4678e-06,56.757,0.00044291,0.33389,0.9296,1.452,1.2074,0.0,2.2901,0.095456,0.25882,0.32674000000000003,1.0594,1.2251,0.9394299999999999,0.28176,0.16163,0.034625,1.08,1.2706,0.0010833,0.7803100000000001,0.6086600000000001,0.032023,1.1952,1.1774,0.15434,60.373999999999995,308,PC-PJ-BV-BF-BO-BC-BY-BU-DP-BL-BA-BP-CA-EL-FP-CH-AC-BH-CG-ER-RI-CC-DL-DF,24.0
20,0.035092,0.083161,0.10865999999999999,0.23785,0.0,0.38205,0.38984,0.040276,0.067191,0.026825,0.11810999999999999,0.19698,0.10652,0.031296,0.031617,0.026835,0.11419000000000001,0.26843,0.022684,0.13618,0.11027999999999999,0.017121,0.18752,0.25505,0.024487000000000002,52.913000000000004,2.6213e-14,1.9864e-09,8.076699999999999e-07,8.594700000000001e-06,0.0,0.0028791999999999997,1.9267e-05,3.5548e-13,3.6188e-14,6.6297e-13,4.7049e-10,0.00012347,2.2299000000000003e-08,2.0016e-14,6.59e-14,1.8678e-18,7.1966000000000006e-09,0.08404600000000001,9.8495e-14,2.5495e-08,1.7905e-08,8.3614e-17,0.0005409,0.010695,3.8876e-11,54.596000000000004,0.23599,0.36580999999999997,0.34218000000000004,0.57082,0.0,0.6796399999999999,0.80365,0.18857000000000002,0.31577,0.13229000000000002,0.38838,0.40369,0.3299,0.15584,0.17852,0.16382,0.29857,0.39455999999999997,0.21741,0.40497,0.33266999999999997,0.097381,0.34697,0.42804,0.11649000000000001,12.658,0.0,0.0,0.0,0.0,0.0,0.0,0.0,0.0,0.0,0.0,0.0,0.0,0.0,0.0,0.0,0.0,0.0,0.0,0.0,0.0,0.0,0.0,0.0,0.0,0.0,18.084,1.2207e-39,1.2987999999999999e-23,5.433299999999999e-20,3.502e-16,0.0,9.635700000000001e-13,5.607100000000001e-15,1.5593e-34,2.9704000000000003e-41,7.2649e-35,6.0412e-26,2.7416000000000002e-14,9.1166e-22,5.405199999999999e-44,1.6237999999999998e-43,0.0,1.3567000000000002e-20,1.3640000000000002e-08,0.0,2.6692e-20,3.1347999999999996e-24,0.0,9.4758e-14,1.6945999999999998e-11,2.3503e-23,53.867,1.5354e-08,0.0020535,0.022437000000000002,0.28298,0.0,0.8829100000000001,0.56557,4.6103e-07,1.3042e-08,1.7516e-07,0.0096851,0.37987,0.006428399999999999,7.042e-08,4.2913000000000003e-07,2.6732e-08,0.04238,0.47473999999999994,2.5998000000000002e-08,0.016633000000000002,0.12531,1.1931000000000001e-08,0.3956,0.50351,6.197799999999999e-06,56.251999999999995,0.00032867,0.43062,0.76793,1.3099,0.0,1.9082,2.4042,0.24428000000000002,0.41145,0.13572,0.8727799999999999,1.0465,0.75952,0.037363,0.15033,0.048121,0.8588100000000001,1.0597,0.0013944,0.9326200000000001,0.52089,0.05285499999999999,0.8786700000000001,1.0027,0.051479,63.501999999999995,324,PC-PJ-BV-BF-BT-BC-BY-BU-DP-BL-BA-BP-CA-EL-FP-CH-AC-BH-CG-ER-RI-CC-DL-DF,24.0
21,0.054853,0.086934,0.11671,0.0,0.10272,0.39164,0.33181,0.043404000000000005,0.063564,0.041074,0.17019,0.23351,0.090976,0.055902,0.034068,0.041479,0.14517,0.27578,0.009348299999999999,0.1216,0.09793500000000001,0.011474,0.20376,0.24519000000000002,0.03438,53.647,2.4715000000000002e-14,4.3522e-09,4.317899999999999e-07,0.0,6.9364e-08,0.0017073000000000001,4.4498e-05,8.1611e-14,1.8773e-13,3.2047e-13,8.573699999999999e-10,8.987e-05,1.3925e-08,6.9566e-14,4.2866000000000005e-14,8.6975e-19,2.0484e-08,0.051939,1.7313e-14,2.8420000000000002e-08,8.3064e-08,6.3316e-16,0.00043645,0.0047815,4.1872e-12,54.71,0.34252,0.36262,0.36423,0.0,0.37838,0.74438,0.67067,0.19673,0.27419,0.16835999999999998,0.47242,0.43817,0.29261,0.2581,0.19629000000000002,0.20867,0.39579000000000003,0.4341,0.11519000000000001,0.35229,0.25273,0.068767,0.40315,0.45059,0.24795999999999999,11.468,0.0,0.0,0.0,0.0,0.0,0.0,0.0,0.0,0.0,0.0,0.0,0.0,0.0,0.0,0.0,0.0,0.0,0.0,0.0,0.0,0.0,0.0,0.0,0.0,0.0,49.895,0.0,8.1598e-24,9.0035e-20,0.0,3.2057000000000002e-18,1.0155e-12,1.1009999999999999e-16,3.0679999999999996e-61,4.3705e-35,1.5565999999999998e-53,2.3243e-20,1.6103999999999998e-14,6.6012e-20,2.7956999999999997e-32,0.0,0.0,6.0973e-18,6.815800000000001e-11,2.7336999999999997e-43,4.2289999999999996e-18,6.642e-26,0.0,4.0497e-15,9.418299999999999e-11,3.3366000000000005e-25,53.81,7.6766e-08,0.0034832,0.026771,0.0,0.0080324,0.77388,0.44798999999999994,1.4568e-05,5.1767e-08,3.7876999999999994e-07,0.022211,0.45525,0.0035683,1.4911e-07,1.1271e-06,1.6449e-08,0.076843,0.48377,1.5281e-08,0.015663999999999997,0.11288,6.1658e-08,0.39692,0.46063000000000004,1.8775999999999998e-06,56.635,0.016737000000000002,0.54819,0.85177,0.0,0.79647,2.0139,2.1483,0.26483,0.50165,0.35333000000000003,1.1666,1.2731,0.7015600000000001,0.28502,0.14898,0.06062000000000001,1.0412,1.1662,0.00021124,0.9627,0.56398,0.004237100000000001,0.98874,1.2508,0.032455,63.37,303,PC-PJ-BV-BO-BT-BC-BY-BU-DP-BL-BA-BP-CA-EL-FP-CH-AC-BH-CG-ER-RI-CC-DL-DF,24.0
22,0.033752,0.058183000000000006,0.0,0.23785,0.08652,0.39471999999999996,0.3521,0.037488,0.049054,0.030088999999999998,0.13191,0.18131,0.09446900000000001,0.042592000000000005,0.017169999999999998,0.010592,0.11885,0.26832,0.020558,0.12108,0.093802,0.013937,0.20926999999999998,0.24854,0.025863999999999998,52.864,1.86e-14,3.7863000000000005e-09,0.0,1.3669e-05,2.6824e-09,0.0023011,9.168e-05,7.9016e-14,2.1802e-13,6.803e-13,8.2415e-10,5.8003e-05,4.2753e-09,6.8992e-14,3.6402e-14,4.045e-18,7.4987e-09,0.08632100000000001,1.9053e-13,1.8996999999999998e-08,3.9342e-07,3.2435000000000005e-18,0.00049333,0.012199,2.7386e-10,54.812,0.22803,0.24456999999999998,0.0,0.49988999999999995,0.31124,0.69107,0.76776,0.18378,0.24448000000000003,0.13142,0.41036000000000006,0.36482,0.29278000000000004,0.18541,0.084698,0.076925,0.29666,0.39411,0.14485,0.35746999999999995,0.23399,0.07245,0.38919000000000004,0.4149,0.17257999999999998,13.200999999999999,0.0,0.0,0.0,0.0,0.0,0.0,0.0,0.0,0.0,0.0,0.0,0.0,0.0,0.0,0.0,0.0,0.0,0.0,0.0,0.0,0.0,0.0,0.0,0.0,0.0,0.0,3.7270999999999997e-35,9.9571e-25,0.0,1.8573999999999999e-16,1.1764e-22,2.5003e-15,1.7271000000000002e-14,8.940499999999999e-61,0.0,0.0,1.0854999999999998e-24,1.2792999999999999e-21,2.3726999999999997e-21,6.999499999999998e-106,0.0,0.0,2.4048000000000003e-19,3.1336999999999996e-09,2.1188999999999997e-63,1.8010999999999998e-23,4.5894e-24,0.0,4.0249e-14,7.9126e-12,2.3313000000000002e-23,53.875,2.5913e-08,0.0010122999999999998,0.0,0.4005,0.0044321000000000004,0.8645799999999999,0.38903000000000004,3.5485e-07,3.8607e-08,4.1238999999999995e-07,0.010756,0.33604,0.0042883,6.059e-08,3.6144e-07,2.3996e-08,0.073436,0.49751000000000006,1.5403e-08,0.009832899999999999,0.10992,1.1918e-08,0.41083000000000003,0.51066,1.9254e-06,56.31399999999999,0.025724,0.35114,0.0,1.2206,0.67806,1.8979,2.456,0.14876,0.27354,0.29733000000000004,0.8979600000000001,0.9763299999999999,0.73039,0.25716999999999995,0.026846,0.02121,0.85055,1.0674,0.0020405,0.9277799999999999,0.53781,0.08536200000000001,0.92096,0.97335,0.047254000000000004,63.128,319,PC-PJ-BF-BO-BT-BC-BY-BU-DP-BL-BA-BP-CA-EL-FP-CH-AC-BH-CG-ER-RI-CC-DL-DF,24.0
23,0.034462,0.0,0.083878,0.23697,0.078902,0.39071999999999996,0.36385,0.048962,0.062063,0.028308,0.13288,0.17901,0.091072,0.041382999999999996,0.015781,0.018209,0.10605999999999999,0.26100999999999996,0.018558,0.11687,0.10039,0.007815899999999999,0.20348,0.23935,0.019948,53.776,3.6807e-14,0.0,8.088899999999999e-07,2.6175e-06,2.5827e-08,0.0026379000000000003,0.00031630000000000004,1.6168e-13,1.8926e-13,3.0767e-12,1.1659e-09,7.3385e-05,2.427e-08,1.6578e-13,5.980499999999999e-14,1.9144000000000002e-19,4.5628e-09,0.044088999999999996,5.49e-14,2.6383000000000002e-08,1.1118000000000001e-07,5.069e-18,0.0014584,0.009546500000000001,2.6638e-11,54.621,0.23245,0.0,0.24859,0.50415,0.33116999999999996,0.70499,0.72819,0.21424,0.26442,0.13253,0.42338000000000003,0.36809000000000003,0.28217,0.18100000000000002,0.081938,0.13014,0.26837,0.38292,0.14295,0.35696,0.28719,0.05622100000000001,0.38349,0.43067,0.10703,10.806,0.0,0.0,0.0,0.0,0.0,0.0,0.0,0.0,0.0,0.0,0.0,0.0,0.0,0.0,0.0,0.0,0.0,0.0,0.0,0.0,0.0,0.0,0.0,0.0,0.0,49.015,2.0820999999999998e-35,0.0,1.5934e-18,6.9136e-16,1.3506e-22,3.5752e-13,3.5439999999999996e-15,0.0,0.0,1.6028e-45,5.164899999999999e-19,3.1927e-14,4.0347000000000007e-19,2.2209e-31,7.537699999999999e-31,0.0,7.3055e-21,5.331600000000001e-09,0.0,3.8575e-21,2.4920000000000003e-25,0.0,6.8403e-14,7.9903e-11,1.1229e-24,53.895,4.5893e-08,0.0,0.0094443,0.34731999999999996,0.0025914,0.8722700000000001,0.52013,1.3700999999999998e-06,5.0863e-08,8.0443e-08,0.0099165,0.32863000000000003,0.0070741,8.088e-08,2.5215e-07,9.908600000000001e-09,0.027902,0.52108,2.5225e-08,0.0041879,0.10848,5.5719e-09,0.37319,0.47635,2.9238999999999997e-06,56.25,0.0084597,0.0,0.60916,1.3092,0.54122,1.8231,2.2159,0.34772,0.44026000000000004,0.18415,0.9468700000000001,1.0593,0.70508,0.25722,0.015312000000000001,0.010623,0.8035800000000001,1.0599,3.8229e-05,0.8,0.50983,0.013923,1.0509,0.9404899999999999,0.0398,64.384,319,PC-BV-BF-BO-BT-BC-BY-BU-DP-BL-BA-BP-CA-EL-FP-CH-AC-BH-CG-ER-RI-CC-DL-DF,24.0
24,0.0,0.083979,0.09013099999999999,0.22236,0.10192000000000001,0.39554,0.36307,0.046367,0.049372000000000006,0.029210000000000003,0.14128,0.18652,0.089943,0.040139999999999995,0.027826999999999998,0.027275999999999998,0.092526,0.2732,0.015569999999999999,0.12418,0.10992,0.018082,0.19876,0.24769000000000002,0.041773000000000005,53.129,0.0,5.7361000000000005e-09,1.1025e-06,4.4162999999999995e-06,4.0014000000000003e-08,0.0024262,0.00012143,1.3634000000000001e-11,5.8026e-12,6.9669e-12,4.11e-09,7.6207e-05,2.3530000000000003e-08,1.3103e-12,2.5272e-12,6.8394e-13,7.2016000000000004e-09,0.042446,4.4639e-12,3.8248e-08,1.9734000000000002e-07,1.6177e-12,0.00057971,0.011741,4.6618e-11,54.653,0.0,0.37489,0.29975,0.47884,0.43022,0.70035,0.78045,0.21176999999999999,0.24251,0.13796,0.42883000000000004,0.39364,0.29289,0.17614000000000002,0.17715999999999998,0.1682,0.2557,0.40354,0.13382,0.36676,0.27474,0.11654,0.36685999999999996,0.42303999999999997,0.26253000000000004,12.292,0.0,7.8611e-25,1.1539000000000002e-23,1.2791e-22,2.2427e-23,4.7742e-21,8.842e-24,3.9683e-27,6.0729e-27,1.4428e-24,6.7848e-26,2.1366e-22,1.4775e-28,2.5285e-29,1.9798e-26,1.0706999999999999e-28,3.7479e-23,9.9135e-14,1.4738e-29,6.3405e-22,2.0373e-21,2.3718999999999998e-28,1.8838e-16,2.9178e-19,9.7084e-25,30.234,0.0,3.6375e-15,1.8936e-14,1.747e-13,5.1984999999999996e-15,6.9395e-12,1.1679e-12,1.6802e-17,3.3664999999999996e-19,9.8999e-18,5.1026000000000006e-17,3.0065e-12,1.8113e-15,2.1948e-18,4.8842999999999995e-18,3.8941e-19,1.5936e-14,5.1946e-08,9.547700000000001e-19,8.346700000000001e-15,2.5079e-13,3.9531e-18,1.3821e-09,2.3264999999999998e-09,8.428800000000001e-16,53.875,0.0,0.0025591999999999998,0.008649700000000001,0.29995,0.0027432,0.8941,0.47678000000000004,1.1178e-06,5.3197e-08,8.6206e-08,0.041017000000000005,0.34613,0.0036935,7.9192e-08,4.3287e-07,1.0275e-07,0.023324,0.52166,8.035700000000001e-08,0.0084291,0.13538,1.0294000000000001e-07,0.41746000000000005,0.49383999999999995,1.7895e-06,56.37,0.0,0.45036000000000004,0.61097,1.1498,0.64515,1.9376,2.1388,0.259,0.24564,0.23196,0.9145700000000001,1.0346,0.70744,0.24525999999999998,0.018047,0.030399000000000002,0.7134199999999999,1.2008,0.00041833,0.9395899999999999,0.55757,0.032806999999999996,0.9040100000000001,0.98715,0.049586,60.67,319,PJ-BV-BF-BO-BT-BC-BY-BU-DP-BL-BA-BP-CA-EL-FP-CH-AC-BH-CG-ER-RI-CC-DL-DF,24.0
